Format,Metric,Year,Revenue[$],Units
DVD,Units,1973,0,0
Other,Units,1973,0,0
Tape,Units,1973,0,91000000
Download,Units,1973,0,0
Streaming,Value,1973,0,0
Cassette,Units,1973,0,15000000
Vinyl,Units,1973,0,280000000
CD,Units,1973,0,0
Streaming,Units,1973,0,0
Other,Units,1973,0,0
Other,Value,1973,0,0
CD,Units,1974,0,0
CD,Units,1975,0,0
CD,Units,1976,0,0
CD,Units,1977,0,0
CD,Units,1978,0,0
CD,Units,1979,0,0
CD,Units,1980,0,0
CD,Units,1981,0,0
CD,Units,1982,0,0
CD,Units,1983,0,1000000
CD,Units,1984,0,6000000
CD,Units,1985,0,23000000
CD,Units,1986,0,53000000
CD,Units,1987,0,102000000
CD,Units,1988,0,150000000
CD,Units,1989,0,207000000
CD,Units,1990,0,287000000
CD,Units,1991,0,333000000
CD,Units,1992,0,408000000
CD,Units,1993,0,495000000
CD,Units,1994,0,662000000
CD,Units,1995,0,723000000
CD,Units,1996,0,779000000
CD,Units,1997,0,753000000
CD,Units,1998,0,847000000
CD,Units,1999,0,939000000
CD,Units,2000,0,943000000
CD,Units,2001,0,882000000
CD,Units,2002,0,803000000
CD,Units,2003,0,746000000
CD,Units,2004,0,767000000
CD,Units,2005,0,705000000
CD,Units,2006,0,620000000
CD,Units,2007,0,500000000
CD,Units,2008,0,368000000
CD,Units,2009,0,297000000
CD,Units,2010,0,253000000
CD,Units,2011,0,241000000
CD,Units,2012,0,198000000
CD,Units,2013,0,174000000
CD,Units,2014,0,139000000
CD,Units,2015,0,117000000
CD,Units,2016,0,98000000
CD,Units,2017,0,88000000
CD,Units,2018,0,52000000
CD,Units,2019,0,47000000
CD,Units,1973,0,0
CD,Units,1974,0,0
CD,Units,1975,0,0
CD,Units,1976,0,0
CD,Units,1977,0,0
CD,Units,1978,0,0
CD,Units,1979,0,0
CD,Units,1980,0,0
CD,Units,1981,0,0
CD,Units,1982,0,0
CD,Units,1983,0,0
CD,Units,1984,0,0
CD,Units,1985,0,0
CD,Units,1986,0,0
CD,Units,1987,0,0
CD,Units,1988,0,2000000
CD,Units,1989,0,0
CD,Units,1990,0,1000000
CD,Units,1991,0,6000000
CD,Units,1992,0,7000000
CD,Units,1993,0,8000000
CD,Units,1994,0,9000000
CD,Units,1995,0,22000000
CD,Units,1996,0,43000000
CD,Units,1997,0,67000000
CD,Units,1998,0,56000000
CD,Units,1999,0,56000000
CD,Units,2000,0,34000000
CD,Units,2001,0,17000000
CD,Units,2002,0,5000000
CD,Units,2003,0,8000000
CD,Units,2004,0,3000000
CD,Units,2005,0,3000000
CD,Units,2006,0,2000000
CD,Units,2007,0,3000000
CD,Units,2008,0,1000000
CD,Units,2009,0,1000000
CD,Units,2010,0,1000000
CD,Units,2011,0,1000000
CD,Units,2012,0,1000000
CD,Units,2013,0,1000000
CD,Units,2014,0,1000000
CD,Units,2015,0,0
CD,Units,2016,0,0
CD,Units,2017,0,0
CD,Units,2018,0,0
CD,Units,2019,0,0
Cassette,Units,1974,0,15000000
Cassette,Units,1975,0,16000000
Cassette,Units,1976,0,22000000
Cassette,Units,1977,0,37000000
Cassette,Units,1978,0,61000000
Cassette,Units,1979,0,79000000
Cassette,Units,1980,0,99000000
Cassette,Units,1981,0,124000000
Cassette,Units,1982,0,183000000
Cassette,Units,1983,0,237000000
Cassette,Units,1984,0,332000000
Cassette,Units,1985,0,339000000
Cassette,Units,1986,0,345000000
Cassette,Units,1987,0,410000000
Cassette,Units,1988,0,450000000
Cassette,Units,1989,0,446000000
Cassette,Units,1990,0,442000000
Cassette,Units,1991,0,360000000
Cassette,Units,1992,0,366000000
Cassette,Units,1993,0,340000000
Cassette,Units,1994,0,345000000
Cassette,Units,1995,0,273000000
Cassette,Units,1996,0,225000000
Cassette,Units,1997,0,173000000
Cassette,Units,1998,0,159000000
Cassette,Units,1999,0,124000000
Cassette,Units,2000,0,76000000
Cassette,Units,2001,0,45000000
Cassette,Units,2002,0,31000000
Cassette,Units,2003,0,17000000
Cassette,Units,2004,0,5000000
Cassette,Units,2005,0,3000000
Cassette,Units,2006,0,1000000
Cassette,Units,2007,0,0
Cassette,Units,2008,0,0
Cassette,Units,2009,0,0
Cassette,Units,2010,0,0
Cassette,Units,2011,0,0
Cassette,Units,2012,0,0
Cassette,Units,2013,0,0
Cassette,Units,2014,0,0
Cassette,Units,2015,0,0
Cassette,Units,2016,0,0
Cassette,Units,2017,0,0
Cassette,Units,2018,0,0
Cassette,Units,2019,0,0
Cassette,Units,1973,0,0
Cassette,Units,1974,0,0
Cassette,Units,1975,0,0
Cassette,Units,1976,0,0
Cassette,Units,1977,0,0
Cassette,Units,1978,0,0
Cassette,Units,1979,0,0
Cassette,Units,1980,0,0
Cassette,Units,1981,0,0
Cassette,Units,1982,0,0
Cassette,Units,1983,0,0
Cassette,Units,1984,0,0
Cassette,Units,1985,0,0
Cassette,Units,1986,0,0
Cassette,Units,1987,0,5000000
Cassette,Units,1988,0,23000000
Cassette,Units,1989,0,76000000
Cassette,Units,1990,0,87000000
Cassette,Units,1991,0,69000000
Cassette,Units,1992,0,85000000
Cassette,Units,1993,0,86000000
Cassette,Units,1994,0,81000000
Cassette,Units,1995,0,71000000
Cassette,Units,1996,0,60000000
Cassette,Units,1997,0,42000000
Cassette,Units,1998,0,26000000
Cassette,Units,1999,0,14000000
Cassette,Units,2000,0,1000000
Cassette,Units,2001,0,-2000000
Cassette,Units,2002,0,-1000000
Cassette,Units,2003,0,0
Cassette,Units,2004,0,0
Cassette,Units,2005,0,0
Cassette,Units,2006,0,0
Cassette,Units,2007,0,0
Cassette,Units,2008,0,0
Cassette,Units,2009,0,0
Cassette,Units,2010,0,0
Cassette,Units,2011,0,0
Cassette,Units,2012,0,0
Cassette,Units,2013,0,0
Cassette,Units,2014,0,0
Cassette,Units,2015,0,0
Cassette,Units,2016,0,0
Cassette,Units,2017,0,0
Cassette,Units,2018,0,0
Cassette,Units,2019,0,0
Vinyl,Units,1974,0,276000000
Vinyl,Units,1975,0,257000000
Vinyl,Units,1976,0,273000000
Vinyl,Units,1977,0,344000000
Vinyl,Units,1978,0,341000000
Vinyl,Units,1979,0,290000000
Vinyl,Units,1980,0,308000000
Vinyl,Units,1981,0,295000000
Vinyl,Units,1982,0,244000000
Vinyl,Units,1983,0,210000000
Vinyl,Units,1984,0,205000000
Vinyl,Units,1985,0,167000000
Vinyl,Units,1986,0,125000000
Vinyl,Units,1987,0,107000000
Vinyl,Units,1988,0,72000000
Vinyl,Units,1989,0,35000000
Vinyl,Units,1990,0,12000000
Vinyl,Units,1991,0,5000000
Vinyl,Units,1992,0,2000000
Vinyl,Units,1993,0,1000000
Vinyl,Units,1994,0,2000000
Vinyl,Units,1995,0,2000000
Vinyl,Units,1996,0,3000000
Vinyl,Units,1997,0,3000000
Vinyl,Units,1998,0,3000000
Vinyl,Units,1999,0,3000000
Vinyl,Units,2000,0,2000000
Vinyl,Units,2001,0,2000000
Vinyl,Units,2002,0,2000000
Vinyl,Units,2003,0,2000000
Vinyl,Units,2004,0,1000000
Vinyl,Units,2005,0,1000000
Vinyl,Units,2006,0,1000000
Vinyl,Units,2007,0,1000000
Vinyl,Units,2008,0,3000000
Vinyl,Units,2009,0,4000000
Vinyl,Units,2010,0,4000000
Vinyl,Units,2011,0,6000000
Vinyl,Units,2012,0,7000000
Vinyl,Units,2013,0,9000000
Vinyl,Units,2014,0,10000000
Vinyl,Units,2015,0,14000000
Vinyl,Units,2016,0,15000000
Vinyl,Units,2017,0,16000000
Vinyl,Units,2018,0,17000000
Vinyl,Units,2019,0,19000000
Vinyl,Units,1973,0,228000000
Vinyl,Units,1974,0,204000000
Vinyl,Units,1975,0,164000000
Vinyl,Units,1976,0,190000000
Vinyl,Units,1977,0,190000000
Vinyl,Units,1978,0,190000000
Vinyl,Units,1979,0,212000000
Vinyl,Units,1980,0,157000000
Vinyl,Units,1981,0,155000000
Vinyl,Units,1982,0,137000000
Vinyl,Units,1983,0,125000000
Vinyl,Units,1984,0,132000000
Vinyl,Units,1985,0,121000000
Vinyl,Units,1986,0,94000000
Vinyl,Units,1987,0,82000000
Vinyl,Units,1988,0,66000000
Vinyl,Units,1989,0,37000000
Vinyl,Units,1990,0,28000000
Vinyl,Units,1991,0,22000000
Vinyl,Units,1992,0,20000000
Vinyl,Units,1993,0,15000000
Vinyl,Units,1994,0,12000000
Vinyl,Units,1995,0,10000000
Vinyl,Units,1996,0,10000000
Vinyl,Units,1997,0,8000000
Vinyl,Units,1998,0,5000000
Vinyl,Units,1999,0,5000000
Vinyl,Units,2000,0,5000000
Vinyl,Units,2001,0,6000000
Vinyl,Units,2002,0,4000000
Vinyl,Units,2003,0,4000000
Vinyl,Units,2004,0,4000000
Vinyl,Units,2005,0,2000000
Vinyl,Units,2006,0,2000000
Vinyl,Units,2007,0,1000000
Vinyl,Units,2008,0,0
Vinyl,Units,2009,0,0
Vinyl,Units,2010,0,0
Vinyl,Units,2011,0,0
Vinyl,Units,2012,0,0
Vinyl,Units,2013,0,0
Vinyl,Units,2014,0,0
Vinyl,Units,2015,0,1000000
Vinyl,Units,2016,0,0
Vinyl,Units,2017,0,0
Vinyl,Units,2018,0,0
Vinyl,Units,2019,0,0
Tape,Units,1974,0,97000000
Tape,Units,1975,0,95000000
Tape,Units,1976,0,106000000
Tape,Units,1977,0,127000000
Tape,Units,1978,0,134000000
Tape,Units,1979,0,102000000
Tape,Units,1980,0,85000000
Tape,Units,1981,0,50000000
Tape,Units,1982,0,14000000
Tape,Units,1983,0,0
Tape,Units,1984,0,0
Tape,Units,1985,0,0
Tape,Units,1986,0,0
Tape,Units,1987,0,0
Tape,Units,1988,0,0
Tape,Units,1989,0,0
Tape,Units,1990,0,0
Tape,Units,1991,0,0
Tape,Units,1992,0,0
Tape,Units,1993,0,0
Tape,Units,1994,0,0
Tape,Units,1995,0,0
Tape,Units,1996,0,0
Tape,Units,1997,0,0
Tape,Units,1998,0,0
Tape,Units,1999,0,0
Tape,Units,2000,0,0
Tape,Units,2001,0,0
Tape,Units,2002,0,0
Tape,Units,2003,0,0
Tape,Units,2004,0,0
Tape,Units,2005,0,0
Tape,Units,2006,0,0
Tape,Units,2007,0,0
Tape,Units,2008,0,0
Tape,Units,2009,0,0
Tape,Units,2010,0,0
Tape,Units,2011,0,0
Tape,Units,2012,0,0
Tape,Units,2013,0,0
Tape,Units,2014,0,0
Tape,Units,2015,0,0
Tape,Units,2016,0,0
Tape,Units,2017,0,0
Tape,Units,2018,0,0
Tape,Units,2019,0,0
Tape,Units,1973,0,2000000
Tape,Units,1974,0,2000000
Tape,Units,1975,0,2000000
Tape,Units,1976,0,1000000
Tape,Units,1977,0,0
Tape,Units,1978,0,0
Tape,Units,1979,0,0
Tape,Units,1980,0,0
Tape,Units,1981,0,0
Tape,Units,1982,0,0
Tape,Units,1983,0,0
Tape,Units,1984,0,0
Tape,Units,1985,0,0
Tape,Units,1986,0,0
Tape,Units,1987,0,0
Tape,Units,1988,0,0
Tape,Units,1989,0,0
Tape,Units,1990,0,0
Tape,Units,1991,0,0
Tape,Units,1992,0,0
Tape,Units,1993,0,0
Tape,Units,1994,0,0
Tape,Units,1995,0,0
Tape,Units,1996,0,0
Tape,Units,1997,0,0
Tape,Units,1998,0,0
Tape,Units,1999,0,0
Tape,Units,2000,0,0
Tape,Units,2001,0,0
Tape,Units,2002,0,0
Tape,Units,2003,0,0
Tape,Units,2004,0,0
Tape,Units,2005,0,0
Tape,Units,2006,0,0
Tape,Units,2007,0,0
Tape,Units,2008,0,0
Tape,Units,2009,0,0
Tape,Units,2010,0,0
Tape,Units,2011,0,0
Tape,Units,2012,0,0
Tape,Units,2013,0,0
Tape,Units,2014,0,0
Tape,Units,2015,0,0
Tape,Units,2016,0,0
Tape,Units,2017,0,0
Tape,Units,2018,0,0
Tape,Units,2019,0,0
Other,Units,1974,0,0
Other,Units,1975,0,0
Other,Units,1976,0,0
Other,Units,1977,0,0
Other,Units,1978,0,0
Other,Units,1979,0,0
Other,Units,1980,0,0
Other,Units,1981,0,0
Other,Units,1982,0,0
Other,Units,1983,0,0
Other,Units,1984,0,0
Other,Units,1985,0,0
Other,Units,1986,0,0
Other,Units,1987,0,0
Other,Units,1988,0,0
Other,Units,1989,0,6000000
Other,Units,1990,0,9000000
Other,Units,1991,0,6000000
Other,Units,1992,0,8000000
Other,Units,1993,0,11000000
Other,Units,1994,0,11000000
Other,Units,1995,0,13000000
Other,Units,1996,0,17000000
Other,Units,1997,0,19000000
Other,Units,1998,0,27000000
Other,Units,1999,0,20000000
Other,Units,2000,0,18000000
Other,Units,2001,0,18000000
Other,Units,2002,0,15000000
Other,Units,2003,0,20000000
Other,Units,2004,0,33000000
Other,Units,2005,0,34000000
Other,Units,2006,0,23000000
Other,Units,2007,0,28000000
Other,Units,2008,0,13000000
Other,Units,2009,0,12000000
Other,Units,2010,0,9000000
Other,Units,2011,0,8000000
Other,Units,2012,0,6000000
Other,Units,2013,0,5000000
Other,Units,2014,0,4000000
Other,Units,2015,0,3000000
Other,Units,2016,0,2000000
Other,Units,2017,0,2000000
Other,Units,2018,0,1000000
Other,Units,2019,0,1000000
DVD,Units,1974,0,0
DVD,Units,1975,0,0
DVD,Units,1976,0,0
DVD,Units,1977,0,0
DVD,Units,1978,0,0
DVD,Units,1979,0,0
DVD,Units,1980,0,0
DVD,Units,1981,0,0
DVD,Units,1982,0,0
DVD,Units,1983,0,0
DVD,Units,1984,0,0
DVD,Units,1985,0,0
DVD,Units,1986,0,0
DVD,Units,1987,0,0
DVD,Units,1988,0,0
DVD,Units,1989,0,0
DVD,Units,1990,0,0
DVD,Units,1991,0,0
DVD,Units,1992,0,0
DVD,Units,1993,0,0
DVD,Units,1994,0,0
DVD,Units,1995,0,0
DVD,Units,1996,0,0
DVD,Units,1997,0,0
DVD,Units,1998,0,0
DVD,Units,1999,0,0
DVD,Units,2000,0,0
DVD,Units,2001,0,0
DVD,Units,2002,0,0
DVD,Units,2003,0,0
DVD,Units,2004,0,0
DVD,Units,2005,0,1000000
DVD,Units,2006,0,0
DVD,Units,2007,0,0
DVD,Units,2008,0,0
DVD,Units,2009,0,0
DVD,Units,2010,0,0
DVD,Units,2011,0,0
DVD,Units,2012,0,0
DVD,Units,2013,0,0
DVD,Units,2014,0,0
DVD,Units,2015,0,0
DVD,Units,2016,0,0
DVD,Units,2017,0,0
DVD,Units,2018,0,0
DVD,Units,2019,0,0
CD,Units,1973,0,0
CD,Units,1974,0,0
CD,Units,1975,0,0
CD,Units,1976,0,0
CD,Units,1977,0,0
CD,Units,1978,0,0
CD,Units,1979,0,0
CD,Units,1980,0,0
CD,Units,1981,0,0
CD,Units,1982,0,0
CD,Units,1983,0,0
CD,Units,1984,0,0
CD,Units,1985,0,0
CD,Units,1986,0,0
CD,Units,1987,0,0
CD,Units,1988,0,0
CD,Units,1989,0,0
CD,Units,1990,0,0
CD,Units,1991,0,0
CD,Units,1992,0,0
CD,Units,1993,0,0
CD,Units,1994,0,0
CD,Units,1995,0,0
CD,Units,1996,0,0
CD,Units,1997,0,0
CD,Units,1998,0,0
CD,Units,1999,0,0
CD,Units,2000,0,0
CD,Units,2001,0,0
CD,Units,2002,0,0
CD,Units,2003,0,1000000
CD,Units,2004,0,1000000
CD,Units,2005,0,1000000
CD,Units,2006,0,0
CD,Units,2007,0,0
CD,Units,2008,0,0
CD,Units,2009,0,0
CD,Units,2010,0,0
CD,Units,2011,0,0
CD,Units,2012,0,0
CD,Units,2013,0,0
CD,Units,2014,0,0
CD,Units,2015,0,0
CD,Units,2016,0,0
CD,Units,2017,0,0
CD,Units,2018,0,0
CD,Units,2019,0,0
Download,Units,1974,0,0
Download,Units,1975,0,0
Download,Units,1976,0,0
Download,Units,1977,0,0
Download,Units,1978,0,0
Download,Units,1979,0,0
Download,Units,1980,0,0
Download,Units,1981,0,0
Download,Units,1982,0,0
Download,Units,1983,0,0
Download,Units,1984,0,0
Download,Units,1985,0,0
Download,Units,1986,0,0
Download,Units,1987,0,0
Download,Units,1988,0,0
Download,Units,1989,0,0
Download,Units,1990,0,0
Download,Units,1991,0,0
Download,Units,1992,0,0
Download,Units,1993,0,0
Download,Units,1994,0,0
Download,Units,1995,0,0
Download,Units,1996,0,0
Download,Units,1997,0,0
Download,Units,1998,0,0
Download,Units,1999,0,0
Download,Units,2000,0,0
Download,Units,2001,0,0
Download,Units,2002,0,0
Download,Units,2003,0,0
Download,Units,2004,0,139000000
Download,Units,2005,0,367000000
Download,Units,2006,0,586000000
Download,Units,2007,0,819000000
Download,Units,2008,0,1043000000
Download,Units,2009,0,1124000000
Download,Units,2010,0,1177000000
Download,Units,2011,0,1332000000
Download,Units,2012,0,1403000000
Download,Units,2013,0,1333000000
Download,Units,2014,0,1154000000
Download,Units,2015,0,986000000
Download,Units,2016,0,743000000
Download,Units,2017,0,554000000
Download,Units,2018,0,400000000
Download,Units,2019,0,335000000
Download,Units,1973,0,0
Download,Units,1974,0,0
Download,Units,1975,0,0
Download,Units,1976,0,0
Download,Units,1977,0,0
Download,Units,1978,0,0
Download,Units,1979,0,0
Download,Units,1980,0,0
Download,Units,1981,0,0
Download,Units,1982,0,0
Download,Units,1983,0,0
Download,Units,1984,0,0
Download,Units,1985,0,0
Download,Units,1986,0,0
Download,Units,1987,0,0
Download,Units,1988,0,0
Download,Units,1989,0,0
Download,Units,1990,0,0
Download,Units,1991,0,0
Download,Units,1992,0,0
Download,Units,1993,0,0
Download,Units,1994,0,0
Download,Units,1995,0,0
Download,Units,1996,0,0
Download,Units,1997,0,0
Download,Units,1998,0,0
Download,Units,1999,0,0
Download,Units,2000,0,0
Download,Units,2001,0,0
Download,Units,2002,0,0
Download,Units,2003,0,0
Download,Units,2004,0,5000000
Download,Units,2005,0,14000000
Download,Units,2006,0,28000000
Download,Units,2007,0,50000000
Download,Units,2008,0,64000000
Download,Units,2009,0,75000000
Download,Units,2010,0,86000000
Download,Units,2011,0,104000000
Download,Units,2012,0,117000000
Download,Units,2013,0,118000000
Download,Units,2014,0,114000000
Download,Units,2015,0,107000000
Download,Units,2016,0,85000000
Download,Units,2017,0,66000000
Download,Units,2018,0,50000000
Download,Units,2019,0,40000000
Other,Units,1973,0,0
Other,Units,1974,0,0
Other,Units,1975,0,0
Other,Units,1976,0,0
Other,Units,1977,0,0
Other,Units,1978,0,0
Other,Units,1979,0,0
Other,Units,1980,0,0
Other,Units,1981,0,0
Other,Units,1982,0,0
Other,Units,1983,0,0
Other,Units,1984,0,0
Other,Units,1985,0,0
Other,Units,1986,0,0
Other,Units,1987,0,0
Other,Units,1988,0,0
Other,Units,1989,0,0
Other,Units,1990,0,0
Other,Units,1991,0,0
Other,Units,1992,0,0
Other,Units,1993,0,0
Other,Units,1994,0,0
Other,Units,1995,0,0
Other,Units,1996,0,0
Other,Units,1997,0,0
Other,Units,1998,0,0
Other,Units,1999,0,0
Other,Units,2000,0,0
Other,Units,2001,0,0
Other,Units,2002,0,0
Other,Units,2003,0,0
Other,Units,2004,0,0
Other,Units,2005,0,1000000
Other,Units,2006,0,1000000
Other,Units,2007,0,2000000
Other,Units,2008,0,2000000
Other,Units,2009,0,2000000
Other,Units,2010,0,2000000
Other,Units,2011,0,1000000
Other,Units,2012,0,2000000
Other,Units,2013,0,4000000
Other,Units,2014,0,2000000
Other,Units,2015,0,2000000
Other,Units,2016,0,2000000
Other,Units,2017,0,1000000
Other,Units,2018,0,1000000
Other,Units,2019,0,1000000
Download,Units,1973,0,0
Download,Units,1974,0,0
Download,Units,1975,0,0
Download,Units,1976,0,0
Download,Units,1977,0,0
Download,Units,1978,0,0
Download,Units,1979,0,0
Download,Units,1980,0,0
Download,Units,1981,0,0
Download,Units,1982,0,0
Download,Units,1983,0,0
Download,Units,1984,0,0
Download,Units,1985,0,0
Download,Units,1986,0,0
Download,Units,1987,0,0
Download,Units,1988,0,0
Download,Units,1989,0,0
Download,Units,1990,0,0
Download,Units,1991,0,0
Download,Units,1992,0,0
Download,Units,1993,0,0
Download,Units,1994,0,0
Download,Units,1995,0,0
Download,Units,1996,0,0
Download,Units,1997,0,0
Download,Units,1998,0,0
Download,Units,1999,0,0
Download,Units,2000,0,0
Download,Units,2001,0,0
Download,Units,2002,0,0
Download,Units,2003,0,0
Download,Units,2004,0,0
Download,Units,2005,0,2000000
Download,Units,2006,0,10000000
Download,Units,2007,0,14000000
Download,Units,2008,0,21000000
Download,Units,2009,0,21000000
Download,Units,2010,0,18000000
Download,Units,2011,0,16000000
Download,Units,2012,0,10000000
Download,Units,2013,0,8000000
Download,Units,2014,0,7000000
Download,Units,2015,0,3000000
Download,Units,2016,0,2000000
Download,Units,2017,0,1000000
Download,Units,2018,0,1000000
Download,Units,2019,0,1000000
Other,Units,1974,0,0
Other,Units,1975,0,0
Other,Units,1976,0,0
Other,Units,1977,0,0
Other,Units,1978,0,0
Other,Units,1979,0,0
Other,Units,1980,0,0
Other,Units,1981,0,0
Other,Units,1982,0,0
Other,Units,1983,0,0
Other,Units,1984,0,0
Other,Units,1985,0,0
Other,Units,1986,0,0
Other,Units,1987,0,0
Other,Units,1988,0,0
Other,Units,1989,0,0
Other,Units,1990,0,0
Other,Units,1991,0,0
Other,Units,1992,0,0
Other,Units,1993,0,0
Other,Units,1994,0,0
Other,Units,1995,0,0
Other,Units,1996,0,0
Other,Units,1997,0,0
Other,Units,1998,0,0
Other,Units,1999,0,0
Other,Units,2000,0,0
Other,Units,2001,0,0
Other,Units,2002,0,0
Other,Units,2003,0,0
Other,Units,2004,0,0
Other,Units,2005,0,170000000
Other,Units,2006,0,315000000
Other,Units,2007,0,434000000
Other,Units,2008,0,405000000
Other,Units,2009,0,294000000
Other,Units,2010,0,189000000
Other,Units,2011,0,115000000
Other,Units,2012,0,59000000
Other,Units,2013,0,39000000
Other,Units,2014,0,27000000
Other,Units,2015,0,22000000
Other,Units,2016,0,23000000
Other,Units,2017,0,14000000
Other,Units,2018,0,10000000
Other,Units,2019,0,9000000
Streaming,Units,1974,0,0
Streaming,Units,1975,0,0
Streaming,Units,1976,0,0
Streaming,Units,1977,0,0
Streaming,Units,1978,0,0
Streaming,Units,1979,0,0
Streaming,Units,1980,0,0
Streaming,Units,1981,0,0
Streaming,Units,1982,0,0
Streaming,Units,1983,0,0
Streaming,Units,1984,0,0
Streaming,Units,1985,0,0
Streaming,Units,1986,0,0
Streaming,Units,1987,0,0
Streaming,Units,1988,0,0
Streaming,Units,1989,0,0
Streaming,Units,1990,0,0
Streaming,Units,1991,0,0
Streaming,Units,1992,0,0
Streaming,Units,1993,0,0
Streaming,Units,1994,0,0
Streaming,Units,1995,0,0
Streaming,Units,1996,0,0
Streaming,Units,1997,0,0
Streaming,Units,1998,0,0
Streaming,Units,1999,0,0
Streaming,Units,2000,0,0
Streaming,Units,2001,0,0
Streaming,Units,2002,0,0
Streaming,Units,2003,0,0
Streaming,Units,2004,0,0
Streaming,Units,2005,0,1000000
Streaming,Units,2006,0,2000000
Streaming,Units,2007,0,2000000
Streaming,Units,2008,0,2000000
Streaming,Units,2009,0,1000000
Streaming,Units,2010,0,2000000
Streaming,Units,2011,0,2000000
Streaming,Units,2012,0,3000000
Streaming,Units,2013,0,6000000
Streaming,Units,2014,0,8000000
Streaming,Units,2015,0,11000000
Streaming,Units,2016,0,23000000
Streaming,Units,2017,0,35000000
Streaming,Units,2018,0,47000000
Streaming,Units,2019,0,60000000
Streaming,Units,1973,0,0
Streaming,Units,1974,0,0
Streaming,Units,1975,0,0
Streaming,Units,1976,0,0
Streaming,Units,1977,0,0
Streaming,Units,1978,0,0
Streaming,Units,1979,0,0
Streaming,Units,1980,0,0
Streaming,Units,1981,0,0
Streaming,Units,1982,0,0
Streaming,Units,1983,0,0
Streaming,Units,1984,0,0
Streaming,Units,1985,0,0
Streaming,Units,1986,0,0
Streaming,Units,1987,0,0
Streaming,Units,1988,0,0
Streaming,Units,1989,0,0
Streaming,Units,1990,0,0
Streaming,Units,1991,0,0
Streaming,Units,1992,0,0
Streaming,Units,1993,0,0
Streaming,Units,1994,0,0
Streaming,Units,1995,0,0
Streaming,Units,1996,0,0
Streaming,Units,1997,0,0
Streaming,Units,1998,0,0
Streaming,Units,1999,0,0
Streaming,Units,2000,0,0
Streaming,Units,2001,0,0
Streaming,Units,2002,0,0
Streaming,Units,2003,0,0
Streaming,Units,2004,0,0
Streaming,Units,2005,0,1000000
Streaming,Units,2006,0,2000000
Streaming,Units,2007,0,2000000
Streaming,Units,2008,0,2000000
Streaming,Units,2009,0,1000000
Streaming,Units,2010,0,2000000
Streaming,Units,2011,0,2000000
Streaming,Units,2012,0,3000000
Streaming,Units,2013,0,6000000
Streaming,Units,2014,0,8000000
Streaming,Units,2015,0,11000000
Streaming,Units,2016,0,23000000
Streaming,Units,2017,0,35000000
Streaming,Units,2018,0,50000000
Streaming,Units,2019,0,0
CD,Value,1973,0,0
CD,Value,1974,0,0
CD,Value,1975,0,0
CD,Value,1976,0,0
CD,Value,1977,0,0
CD,Value,1978,0,0
CD,Value,1979,0,0
CD,Value,1980,0,0
CD,Value,1981,0,0
CD,Value,1982,0,0
CD,Value,1983,17000000,0
CD,Value,1984,103000000,0
CD,Value,1985,390000000,0
CD,Value,1986,930000000,0
CD,Value,1987,1594000000,0
CD,Value,1988,2090000000,0
CD,Value,1989,2588000000,0
CD,Value,1990,3452000000,0
CD,Value,1991,4338000000,0
CD,Value,1992,5327000000,0
CD,Value,1993,6511000000,0
CD,Value,1994,8465000000,0
CD,Value,1995,9377000000,0
CD,Value,1996,9935000000,0
CD,Value,1997,9915000000,0
CD,Value,1998,11416000000,0
CD,Value,1999,12816000000,0
CD,Value,2000,13215000000,0
CD,Value,2001,12909000000,0
CD,Value,2002,12044000000,0
CD,Value,2003,11233000000,0
CD,Value,2004,11447000000,0
CD,Value,2005,10520000000,0
CD,Value,2006,9373000000,0
CD,Value,2007,7452000000,0
CD,Value,2008,5471000000,0
CD,Value,2009,4319000000,0
CD,Value,2010,3389000000,0
CD,Value,2011,3101000000,0
CD,Value,2012,2486000000,0
CD,Value,2013,2141000000,0
CD,Value,2014,1776000000,0
CD,Value,2015,1445000000,0
CD,Value,2016,1131000000,0
CD,Value,2017,1057000000,0
CD,Value,2018,698000000,0
CD,Value,2019,615000000,0
CD,Value,1973,0,0
CD,Value,1974,0,0
CD,Value,1975,0,0
CD,Value,1976,0,0
CD,Value,1977,0,0
CD,Value,1978,0,0
CD,Value,1979,0,0
CD,Value,1980,0,0
CD,Value,1981,0,0
CD,Value,1982,0,0
CD,Value,1983,0,0
CD,Value,1984,0,0
CD,Value,1985,0,0
CD,Value,1986,0,0
CD,Value,1987,0,0
CD,Value,1988,10000000,0
CD,Value,1989,-1000000,0
CD,Value,1990,6000000,0
CD,Value,1991,35000000,0
CD,Value,1992,45000000,0
CD,Value,1993,46000000,0
CD,Value,1994,56000000,0
CD,Value,1995,111000000,0
CD,Value,1996,184000000,0
CD,Value,1997,273000000,0
CD,Value,1998,213000000,0
CD,Value,1999,222000000,0
CD,Value,2000,143000000,0
CD,Value,2001,79000000,0
CD,Value,2002,20000000,0
CD,Value,2003,36000000,0
CD,Value,2004,15000000,0
CD,Value,2005,11000000,0
CD,Value,2006,8000000,0
CD,Value,2007,12000000,0
CD,Value,2008,4000000,0
CD,Value,2009,3000000,0
CD,Value,2010,3000000,0
CD,Value,2011,4000000,0
CD,Value,2012,3000000,0
CD,Value,2013,2000000,0
CD,Value,2014,4000000,0
CD,Value,2015,1000000,0
CD,Value,2016,0,0
CD,Value,2017,1000000,0
CD,Value,2018,0,0
CD,Value,2019,0,0
Cassette,Value,1973,76000000,0
Cassette,Value,1974,87000000,0
Cassette,Value,1975,99000000,0
Cassette,Value,1976,146000000,0
Cassette,Value,1977,250000000,0
Cassette,Value,1978,450000000,0
Cassette,Value,1979,581000000,0
Cassette,Value,1980,705000000,0
Cassette,Value,1981,1063000000,0
Cassette,Value,1982,1385000000,0
Cassette,Value,1983,1811000000,0
Cassette,Value,1984,2384000000,0
Cassette,Value,1985,2412000000,0
Cassette,Value,1986,2500000000,0
Cassette,Value,1987,2960000000,0
Cassette,Value,1988,3385000000,0
Cassette,Value,1989,3346000000,0
Cassette,Value,1990,3472000000,0
Cassette,Value,1991,3020000000,0
Cassette,Value,1992,3116000000,0
Cassette,Value,1993,2916000000,0
Cassette,Value,1994,2976000000,0
Cassette,Value,1995,2304000000,0
Cassette,Value,1996,1905000000,0
Cassette,Value,1997,1523000000,0
Cassette,Value,1998,1420000000,0
Cassette,Value,1999,1062000000,0
Cassette,Value,2000,626000000,0
Cassette,Value,2001,363000000,0
Cassette,Value,2002,210000000,0
Cassette,Value,2003,108000000,0
Cassette,Value,2004,24000000,0
Cassette,Value,2005,13000000,0
Cassette,Value,2006,4000000,0
Cassette,Value,2007,3000000,0
Cassette,Value,2008,1000000,0
Cassette,Value,2009,0,0
Cassette,Value,2010,0,0
Cassette,Value,2011,0,0
Cassette,Value,2012,0,0
Cassette,Value,2013,0,0
Cassette,Value,2014,0,0
Cassette,Value,2015,0,0
Cassette,Value,2016,0,0
Cassette,Value,2017,0,0
Cassette,Value,2018,0,0
Cassette,Value,2019,0,0
Cassette,Value,1973,0,0
Cassette,Value,1974,0,0
Cassette,Value,1975,0,0
Cassette,Value,1976,0,0
Cassette,Value,1977,0,0
Cassette,Value,1978,0,0
Cassette,Value,1979,0,0
Cassette,Value,1980,0,0
Cassette,Value,1981,0,0
Cassette,Value,1982,0,0
Cassette,Value,1983,0,0
Cassette,Value,1984,0,0
Cassette,Value,1985,0,0
Tape,Value,1973,489000000,0
Tape,Value,1974,549000000,0
Tape,Value,1975,583000000,0
Tape,Value,1976,678000000,0
Tape,Value,1977,811000000,0
Tape,Value,1978,948000000,0
Tape,Value,1979,684000000,0
Tape,Value,1980,527000000,0
Tape,Value,1981,313000000,0
Tape,Value,1982,36000000,0
Tape,Value,1983,0,0
Tape,Value,1984,0,0
Tape,Value,1985,0,0
Tape,Value,1986,0,0
Tape,Value,1987,0,0
Tape,Value,1988,0,0
Tape,Value,1989,0,0
Tape,Value,1990,0,0
Tape,Value,1991,0,0
Tape,Value,1992,0,0
Tape,Value,1993,0,0
Tape,Value,1994,0,0
Tape,Value,1995,0,0
Tape,Value,1996,0,0
Tape,Value,1997,0,0
Tape,Value,1998,0,0
Tape,Value,1999,0,0
Tape,Value,2000,0,0
Tape,Value,2001,0,0
Tape,Value,2002,0,0
Tape,Value,2003,0,0
Tape,Value,2004,0,0
Tape,Value,2005,0,0
Tape,Value,2006,0,0
Tape,Value,2007,0,0
Tape,Value,2008,0,0
Tape,Value,2009,0,0
Tape,Value,2010,0,0
Tape,Value,2011,0,0
Tape,Value,2012,0,0
Tape,Value,2013,0,0
Tape,Value,2014,0,0
Tape,Value,2015,0,0
Tape,Value,2016,0,0
Tape,Value,2017,0,0
Tape,Value,2018,0,0
Tape,Value,2019,0,0
Cassette,Value,1986,0,0
Cassette,Value,1987,14000000,0
Cassette,Value,1988,57000000,0
Cassette,Value,1989,195000000,0
Cassette,Value,1990,258000000,0
Cassette,Value,1991,230000000,0
Cassette,Value,1992,299000000,0
Cassette,Value,1993,299000000,0
Cassette,Value,1994,275000000,0
Cassette,Value,1995,236000000,0
Cassette,Value,1996,189000000,0
Cassette,Value,1997,134000000,0
Cassette,Value,1998,94000000,0
Cassette,Value,1999,48000000,0
Cassette,Value,2000,5000000,0
Cassette,Value,2001,-5000000,0
Cassette,Value,2002,-2000000,0
Cassette,Value,2003,0,0
Cassette,Value,2004,0,0
Cassette,Value,2005,0,0
Cassette,Value,2006,0,0
Cassette,Value,2007,0,0
Cassette,Value,2008,0,0
Cassette,Value,2009,0,0
Cassette,Value,2010,0,0
Cassette,Value,2011,0,0
Cassette,Value,2012,0,0
Cassette,Value,2013,0,0
Cassette,Value,2014,0,0
Cassette,Value,2015,0,0
Cassette,Value,2016,0,0
Cassette,Value,2017,0,0
Cassette,Value,2018,0,0
Cassette,Value,2019,0,0
DVD,Value,1973,0,0
DVD,Value,1974,0,0
DVD,Value,1975,0,0
DVD,Value,1976,0,0
DVD,Value,1977,0,0
DVD,Value,1978,0,0
DVD,Value,1979,0,0
DVD,Value,1980,0,0
DVD,Value,1981,0,0
DVD,Value,1982,0,0
DVD,Value,1983,0,0
DVD,Value,1984,0,0
DVD,Value,1985,0,0
DVD,Value,1986,0,0
DVD,Value,1987,0,0
DVD,Value,1988,0,0
DVD,Value,1989,0,0
DVD,Value,1990,0,0
DVD,Value,1991,0,0
DVD,Value,1992,0,0
DVD,Value,1993,0,0
DVD,Value,1994,0,0
DVD,Value,1995,0,0
DVD,Value,1996,0,0
DVD,Value,1997,0,0
DVD,Value,1998,0,0
DVD,Value,1999,0,0
DVD,Value,2000,0,0
DVD,Value,2001,6000000,0
DVD,Value,2002,9000000,0
DVD,Value,2003,8000000,0
DVD,Value,2004,7000000,0
DVD,Value,2005,11000000,0
DVD,Value,2006,2000000,0
DVD,Value,2007,3000000,0
DVD,Value,2008,1000000,0
DVD,Value,2009,2000000,0
DVD,Value,2010,1000000,0
DVD,Value,2011,0,0
DVD,Value,2012,0,0
DVD,Value,2013,0,0
DVD,Value,2014,2000000,0
DVD,Value,2015,5000000,0
DVD,Value,2016,3000000,0
DVD,Value,2017,3000000,0
DVD,Value,2018,3000000,0
DVD,Value,2019,1000000,0
Download,Value,1973,0,0
Download,Value,1974,0,0
Download,Value,1975,0,0
Download,Value,1976,0,0
Download,Value,1977,0,0
Download,Value,1978,0,0
Download,Value,1979,0,0
Download,Value,1980,0,0
Download,Value,1981,0,0
Download,Value,1982,0,0
Download,Value,1983,0,0
Download,Value,1984,0,0
Download,Value,1985,0,0
Download,Value,1986,0,0
Download,Value,1987,0,0
Download,Value,1988,0,0
Download,Value,1989,0,0
Download,Value,1990,0,0
Download,Value,1991,0,0
Download,Value,1992,0,0
Download,Value,1993,0,0
Download,Value,1994,0,0
Download,Value,1995,0,0
Download,Value,1996,0,0
Download,Value,1997,0,0
Download,Value,1998,0,0
Download,Value,1999,0,0
Download,Value,2000,0,0
Download,Value,2001,0,0
Download,Value,2002,0,0
Download,Value,2003,0,0
Download,Value,2004,46000000,0
Download,Value,2005,136000000,0
Download,Value,2006,276000000,0
Download,Value,2007,497000000,0
Download,Value,2008,635000000,0
Download,Value,2009,744000000,0
Download,Value,2010,872000000,0
Download,Value,2011,1071000000,0
Download,Value,2012,1205000000,0
Download,Value,2013,1232000000,0
Download,Value,2014,1118000000,0
Download,Value,2015,1064000000,0
Download,Value,2016,869000000,0
Download,Value,2017,669000000,0
Download,Value,2018,500000000,0
Download,Value,2019,395000000,0
Download,Value,1973,0,0
Download,Value,1974,0,0
Download,Value,1975,0,0
Download,Value,1976,0,0
Download,Value,1977,0,0
Download,Value,1978,0,0
Download,Value,1979,0,0
Download,Value,1980,0,0
Download,Value,1981,0,0
Download,Value,1982,0,0
Download,Value,1983,0,0
Download,Value,1984,0,0
Download,Value,1985,0,0
Download,Value,1986,0,0
Download,Value,1987,0,0
Download,Value,1988,0,0
Download,Value,1989,0,0
Download,Value,1990,0,0
Download,Value,1991,0,0
Download,Value,1992,0,0
Download,Value,1993,0,0
Download,Value,1994,0,0
Download,Value,1995,0,0
Download,Value,1996,0,0
Download,Value,1997,0,0
Download,Value,1998,0,0
Download,Value,1999,0,0
Download,Value,2000,0,0
Download,Value,2001,0,0
Download,Value,2002,0,0
Download,Value,2003,0,0
Download,Value,2004,0,0
Download,Value,2005,4000000,0
Download,Value,2006,20000000,0
Download,Value,2007,28000000,0
Download,Value,2008,41000000,0
Download,Value,2009,41000000,0
Download,Value,2010,37000000,0
Download,Value,2011,32000000,0
Download,Value,2012,21000000,0
Download,Value,2013,17000000,0
Download,Value,2014,14000000,0
Download,Value,2015,6000000,0
Download,Value,2016,4000000,0
Download,Value,2017,3000000,0
Download,Value,2018,2000000,0
Download,Value,2019,2000000,0
Download,Value,1973,0,0
Download,Value,1974,0,0
Download,Value,1975,0,0
Download,Value,1976,0,0
Download,Value,1977,0,0
Download,Value,1978,0,0
Download,Value,1979,0,0
Download,Value,1980,0,0
Download,Value,1981,0,0
Download,Value,1982,0,0
Download,Value,1983,0,0
Download,Value,1984,0,0
Download,Value,1985,0,0
Download,Value,1986,0,0
Download,Value,1987,0,0
Download,Value,1988,0,0
Download,Value,1989,0,0
Download,Value,1990,0,0
Download,Value,1991,0,0
Download,Value,1992,0,0
Download,Value,1993,0,0
Download,Value,1994,0,0
Download,Value,1995,0,0
Download,Value,1996,0,0
Download,Value,1997,0,0
Download,Value,1998,0,0
Download,Value,1999,0,0
Download,Value,2000,0,0
Download,Value,2001,0,0
Download,Value,2002,0,0
Download,Value,2003,0,0
Download,Value,2004,138000000,0
Download,Value,2005,363000000,0
Download,Value,2006,581000000,0
Download,Value,2007,811000000,0
Download,Value,2008,1032000000,0
Download,Value,2009,1172000000,0
Download,Value,2010,1336000000,0
Download,Value,2011,1522000000,0
Download,Value,2012,1645000000,0
Download,Value,2013,1573000000,0
Download,Value,2014,1355000000,0
Download,Value,2015,1185000000,0
Download,Value,2016,900000000,0
Download,Value,2017,679000000,0
Download,Value,2018,490000000,0
Download,Value,2019,415000000,0
Other,Value,1973,0,0
Other,Value,1974,0,0
Other,Value,1975,0,0
Other,Value,1976,0,0
Other,Value,1977,0,0
Other,Value,1978,0,0
Other,Value,1979,0,0
Other,Value,1980,0,0
Other,Value,1981,0,0
Other,Value,1982,0,0
Other,Value,1983,0,0
Other,Value,1984,0,0
Other,Value,1985,0,0
Other,Value,1986,0,0
Other,Value,1987,0,0
Other,Value,1988,0,0
Other,Value,1989,0,0
Other,Value,1990,0,0
Other,Value,1991,0,0
Other,Value,1992,0,0
Other,Value,1993,0,0
Other,Value,1994,0,0
Other,Value,1995,0,0
Other,Value,1996,0,0
Other,Value,1997,0,0
Other,Value,1998,0,0
Other,Value,1999,0,0
Other,Value,2000,0,0
Other,Value,2001,0,0
Other,Value,2002,0,0
Other,Value,2003,0,0
Other,Value,2004,0,0
Other,Value,2005,1000000,0
Other,Value,2006,2000000,0
Other,Value,2007,3000000,0
Other,Value,2008,3000000,0
Other,Value,2009,6000000,0
Other,Value,2010,6000000,0
Other,Value,2011,3000000,0
Other,Value,2012,4000000,0
Other,Value,2013,6000000,0
Other,Value,2014,3000000,0
Other,Value,2015,4000000,0
Other,Value,2016,3000000,0
Other,Value,2017,2000000,0
Other,Value,2018,2000000,0
Other,Value,2019,2000000,0
Vinyl,Value,1973,1246000000,0
Vinyl,Value,1974,1356000000,0
Vinyl,Value,1975,1485000000,0
Vinyl,Value,1976,1663000000,0
Vinyl,Value,1977,2195000000,0
Vinyl,Value,1978,2473000000,0
Vinyl,Value,1979,2057000000,0
Vinyl,Value,1980,2200000000,0
Vinyl,Value,1981,2342000000,0
Vinyl,Value,1982,1925000000,0
Vinyl,Value,1983,1689000000,0
Vinyl,Value,1984,1549000000,0
Vinyl,Value,1985,1281000000,0
Vinyl,Value,1986,983000000,0
Vinyl,Value,1987,793000000,0
Vinyl,Value,1988,532000000,0
Vinyl,Value,1989,220000000,0
Vinyl,Value,1990,87000000,0
Vinyl,Value,1991,29000000,0
Vinyl,Value,1992,14000000,0
Vinyl,Value,1993,11000000,0
Vinyl,Value,1994,18000000,0
Vinyl,Value,1995,25000000,0
Vinyl,Value,1996,37000000,0
Vinyl,Value,1997,33000000,0
Vinyl,Value,1998,34000000,0
Vinyl,Value,1999,32000000,0
Vinyl,Value,2000,28000000,0
Vinyl,Value,2001,27000000,0
Vinyl,Value,2002,21000000,0
Vinyl,Value,2003,22000000,0
Vinyl,Value,2004,19000000,0
Vinyl,Value,2005,14000000,0
Vinyl,Value,2006,16000000,0
Vinyl,Value,2007,23000000,0
Vinyl,Value,2008,57000000,0
Vinyl,Value,2009,64000000,0
Vinyl,Value,2010,89000000,0
Vinyl,Value,2011,119000000,0
Vinyl,Value,2012,161000000,0
Vinyl,Value,2013,211000000,0
Vinyl,Value,2014,244000000,0
Vinyl,Value,2015,333000000,0
Vinyl,Value,2016,355000000,0
Vinyl,Value,2017,389000000,0
Vinyl,Value,2018,419000000,0
Vinyl,Value,2019,498000000,0
Other,Value,1973,0,0
Other,Value,1974,0,0
Other,Value,1975,0,0
Other,Value,1976,0,0
Other,Value,1977,0,0
Other,Value,1978,0,0
Other,Value,1979,0,0
Other,Value,1980,0,0
Other,Value,1981,0,0
Other,Value,1982,0,0
Other,Value,1983,0,0
Other,Value,1984,0,0
Other,Value,1985,0,0
Other,Value,1986,0,0
Other,Value,1987,0,0
Other,Value,1988,0,0
Other,Value,1989,0,0
Other,Value,1990,0,0
Other,Value,1991,0,0
Other,Value,1992,0,0
Other,Value,1993,0,0
Other,Value,1994,0,0
Other,Value,1995,0,0
Other,Value,1996,0,0
Other,Value,1997,0,0
Other,Value,1998,0,0
Other,Value,1999,0,0
Other,Value,2000,0,0
Other,Value,2001,0,0
Other,Value,2002,0,0
Other,Value,2003,0,0
Other,Value,2004,0,0
Other,Value,2005,0,0
Other,Value,2006,0,0
Other,Value,2007,0,0
Other,Value,2008,0,0
Other,Value,2009,0,0
Other,Value,2010,0,0
Other,Value,2011,0,0
Other,Value,2012,0,0
Other,Value,2013,0,0
Other,Value,2014,0,0
Other,Value,2015,0,0
Other,Value,2016,263000000,0
Other,Value,2017,592000000,0
Other,Value,2018,747000000,0
Other,Value,2019,829000000,0
Other,Value,1973,0,0
Other,Value,1974,0,0
Other,Value,1975,0,0
Other,Value,1976,0,0
Other,Value,1977,0,0
Other,Value,1978,0,0
Other,Value,1979,0,0
Other,Value,1980,0,0
Other,Value,1981,0,0
Other,Value,1982,0,0
Other,Value,1983,0,0
Other,Value,1984,0,0
Other,Value,1985,0,0
Other,Value,1986,0,0
Other,Value,1987,0,0
Other,Value,1988,0,0
Other,Value,1989,115000000,0
Other,Value,1990,172000000,0
Other,Value,1991,118000000,0
Other,Value,1992,157000000,0
Other,Value,1993,213000000,0
Other,Value,1994,231000000,0
Other,Value,1995,220000000,0
Other,Value,1996,236000000,0
Other,Value,1997,324000000,0
Other,Value,1998,508000000,0
Other,Value,1999,377000000,0
Other,Value,2000,282000000,0
Other,Value,2001,329000000,0
Other,Value,2002,288000000,0
Other,Value,2003,400000000,0
Other,Value,2004,607000000,0
Other,Value,2005,602000000,0
Other,Value,2006,451000000,0
Other,Value,2007,485000000,0
Other,Value,2008,227000000,0
Other,Value,2009,210000000,0
Other,Value,2010,178000000,0
Other,Value,2011,151000000,0
Other,Value,2012,117000000,0
Other,Value,2013,106000000,0
Other,Value,2014,90000000,0
Other,Value,2015,70000000,0
Other,Value,2016,57000000,0
Other,Value,2017,39000000,0
Other,Value,2018,28000000,0
Other,Value,2019,28000000,0
Streaming,Value,1974,0,0
Streaming,Value,1975,0,0
Streaming,Value,1976,0,0
Streaming,Value,1977,0,0
Streaming,Value,1978,0,0
Streaming,Value,1979,0,0
Streaming,Value,1980,0,0
Streaming,Value,1981,0,0
Streaming,Value,1982,0,0
Streaming,Value,1983,0,0
Streaming,Value,1984,0,0
Streaming,Value,1985,0,0
Streaming,Value,1986,0,0
Streaming,Value,1987,0,0
Streaming,Value,1988,0,0
Streaming,Value,1989,0,0
Streaming,Value,1990,0,0
Streaming,Value,1991,0,0
Streaming,Value,1992,0,0
Streaming,Value,1993,0,0
Streaming,Value,1994,0,0
Streaming,Value,1995,0,0
Streaming,Value,1996,0,0
Streaming,Value,1997,0,0
Streaming,Value,1998,0,0
Streaming,Value,1999,0,0
Streaming,Value,2000,0,0
Streaming,Value,2001,0,0
Streaming,Value,2002,0,0
Streaming,Value,2003,0,0
Streaming,Value,2004,0,0
Streaming,Value,2005,0,0
Streaming,Value,2006,0,0
Streaming,Value,2007,0,0
Streaming,Value,2008,0,0
Streaming,Value,2009,0,0
Streaming,Value,2010,0,0
Streaming,Value,2011,114000000,0
Streaming,Value,2012,171000000,0
Streaming,Value,2013,221000000,0
Streaming,Value,2014,284000000,0
Streaming,Value,2015,372000000,0
Streaming,Value,2016,489000000,0
Streaming,Value,2017,659000000,0
Streaming,Value,2018,760000000,0
Streaming,Value,2019,908000000,0
Streaming,Value,1973,0,0
Streaming,Value,1974,0,0
Streaming,Value,1975,0,0
Streaming,Value,1976,0,0
Streaming,Value,1977,0,0
Streaming,Value,1978,0,0
Streaming,Value,1979,0,0
Streaming,Value,1980,0,0
Streaming,Value,1981,0,0
Streaming,Value,1982,0,0
Streaming,Value,1983,0,0
Streaming,Value,1984,0,0
Streaming,Value,1985,0,0
Streaming,Value,1986,0,0
Streaming,Value,1987,0,0
Streaming,Value,1988,0,0
Streaming,Value,1989,0,0
Streaming,Value,1990,0,0
Streaming,Value,1991,0,0
Streaming,Value,1992,0,0
Streaming,Value,1993,0,0
Streaming,Value,1994,0,0
Streaming,Value,1995,0,0
Streaming,Value,1996,0,0
Streaming,Value,1997,0,0
Streaming,Value,1998,0,0
Streaming,Value,1999,0,0
Streaming,Value,2000,0,0
Streaming,Value,2001,0,0
Streaming,Value,2002,0,0
Streaming,Value,2003,0,0
Streaming,Value,2004,0,0
Streaming,Value,2005,0,0
Streaming,Value,2006,0,0
Streaming,Value,2007,0,0
Streaming,Value,2008,0,0
Streaming,Value,2009,0,0
Streaming,Value,2010,0,0
Streaming,Value,2011,0,0
Streaming,Value,2012,0,0
Streaming,Value,2013,0,0
Streaming,Value,2014,0,0
Streaming,Value,2015,0,0
Streaming,Value,2016,81000000,0
Streaming,Value,2017,262000000,0
Streaming,Value,2018,251000000,0
Streaming,Value,2019,251000000,0
Download,Value,1973,0,0
Download,Value,1974,0,0
Download,Value,1975,0,0
Download,Value,1976,0,0
Download,Value,1977,0,0
Download,Value,1978,0,0
Download,Value,1979,0,0
Download,Value,1980,0,0
Download,Value,1981,0,0
Download,Value,1982,0,0
Download,Value,1983,0,0
Download,Value,1984,0,0
Download,Value,1985,0,0
Download,Value,1986,0,0
Download,Value,1987,0,0
Download,Value,1988,0,0
Download,Value,1989,0,0
Download,Value,1990,0,0
Download,Value,1991,0,0
Download,Value,1992,0,0
Download,Value,1993,0,0
Download,Value,1994,0,0
Download,Value,1995,0,0
Download,Value,1996,0,0
Download,Value,1997,0,0
Download,Value,1998,0,0
Download,Value,1999,0,0
Download,Value,2000,0,0
Download,Value,2001,0,0
Download,Value,2002,0,0
Download,Value,2003,0,0
Download,Value,2004,0,0
Download,Value,2005,0,0
Download,Value,2006,0,0
Download,Value,2007,0,0
Download,Value,2008,0,0
Download,Value,2009,0,0
Download,Value,2010,0,0
Download,Value,2011,0,0
Download,Value,2012,0,0
Download,Value,2013,0,0
Download,Value,2014,0,0
Download,Value,2015,0,0
Download,Value,2016,17000000,0
Download,Value,2017,17000000,0
Download,Value,2018,20000000,0
Download,Value,2019,22000000,0
Tape,Value,1973,16000000,0
Tape,Value,1974,13000000,0
Tape,Value,1975,10000000,0
Tape,Value,1976,5000000,0
Tape,Value,1977,0,0
Tape,Value,1978,0,0
Tape,Value,1979,0,0
Tape,Value,1980,0,0
Tape,Value,1981,0,0
Tape,Value,1982,0,0
Tape,Value,1983,0,0
Tape,Value,1984,0,0
Tape,Value,1985,0,0
Tape,Value,1986,0,0
Tape,Value,1987,0,0
Tape,Value,1988,0,0
Tape,Value,1989,0,0
Tape,Value,1990,0,0
Tape,Value,1991,0,0
Tape,Value,1992,0,0
Tape,Value,1993,0,0
Tape,Value,1994,0,0
Tape,Value,1995,0,0
Tape,Value,1996,0,0
Tape,Value,1997,0,0
Tape,Value,1998,0,0
Tape,Value,1999,0,0
Tape,Value,2000,0,0
Tape,Value,2001,0,0
Tape,Value,2002,0,0
Tape,Value,2003,0,0
Tape,Value,2004,0,0
Tape,Value,2005,0,0
Tape,Value,2006,0,0
Tape,Value,2007,0,0
Tape,Value,2008,0,0
Tape,Value,2009,0,0
Tape,Value,2010,0,0
Tape,Value,2011,0,0
Tape,Value,2012,0,0
Tape,Value,2013,0,0
Tape,Value,2014,0,0
Tape,Value,2015,0,0
Tape,Value,2016,0,0
Tape,Value,2017,0,0
Tape,Value,2018,0,0
Tape,Value,2019,0,0
Streaming,Value,1973,0,0
Streaming,Value,1974,0,0
Streaming,Value,1975,0,0
Streaming,Value,1976,0,0
Streaming,Value,1977,0,0
Streaming,Value,1978,0,0
Streaming,Value,1979,0,0
Streaming,Value,1980,0,0
Streaming,Value,1981,0,0
Streaming,Value,1982,0,0
Streaming,Value,1983,0,0
Streaming,Value,1984,0,0
Streaming,Value,1985,0,0
Streaming,Value,1986,0,0
Streaming,Value,1987,0,0
Streaming,Value,1988,0,0
Streaming,Value,1989,0,0
Streaming,Value,1990,0,0
Streaming,Value,1991,0,0
Streaming,Value,1992,0,0
Streaming,Value,1993,0,0
Streaming,Value,1994,0,0
Streaming,Value,1995,0,0
Streaming,Value,1996,0,0
Streaming,Value,1997,0,0
Streaming,Value,1998,0,0
Streaming,Value,1999,0,0
Streaming,Value,2000,0,0
Streaming,Value,2001,0,0
Streaming,Value,2002,0,0
Streaming,Value,2003,0,0
Streaming,Value,2004,0,0
Streaming,Value,2005,149000000,0
Streaming,Value,2006,206000000,0
Streaming,Value,2007,234000000,0
Streaming,Value,2008,221000000,0
Streaming,Value,2009,206000000,0
Streaming,Value,2010,212000000,0
Streaming,Value,2011,248000000,0
Streaming,Value,2012,400000000,0
Streaming,Value,2013,643000000,0
Streaming,Value,2014,770000000,0
Streaming,Value,2015,1157000000,0
Streaming,Value,2016,2244000000,0
Streaming,Value,2017,3501000000,0
Streaming,Value,2018,4656000000,0
Streaming,Value,2019,5934000000,0
Other,Value,1973,0,0
Other,Value,1974,0,0
Other,Value,1975,0,0
Other,Value,1976,0,0
Other,Value,1977,0,0
Other,Value,1978,0,0
Other,Value,1979,0,0
Other,Value,1980,0,0
Other,Value,1981,0,0
Other,Value,1982,0,0
Other,Value,1983,0,0
Other,Value,1984,0,0
Other,Value,1985,0,0
Other,Value,1986,0,0
Other,Value,1987,0,0
Other,Value,1988,0,0
Other,Value,1989,0,0
Other,Value,1990,0,0
Other,Value,1991,0,0
Other,Value,1992,0,0
Other,Value,1993,0,0
Other,Value,1994,0,0
Other,Value,1995,0,0
Other,Value,1996,0,0
Other,Value,1997,0,0
Other,Value,1998,0,0
Other,Value,1999,0,0
Other,Value,2000,0,0
Other,Value,2001,0,0
Other,Value,2002,0,0
Other,Value,2003,0,0
Other,Value,2004,0,0
Other,Value,2005,422000000,0
Other,Value,2006,774000000,0
Other,Value,2007,1056000000,0
Other,Value,2008,977000000,0
Other,Value,2009,703000000,0
Other,Value,2010,448000000,0
Other,Value,2011,276000000,0
Other,Value,2012,146000000,0
Other,Value,2013,98000000,0
Other,Value,2014,66000000,0
Other,Value,2015,55000000,0
Other,Value,2016,56000000,0
Other,Value,2017,36000000,0
Other,Value,2018,25000000,0
Other,Value,2019,21000000,0
CD,Value,1973,0,0
CD,Value,1974,0,0
CD,Value,1975,0,0
CD,Value,1976,0,0
CD,Value,1977,0,0
CD,Value,1978,0,0
CD,Value,1979,0,0
CD,Value,1980,0,0
CD,Value,1981,0,0
CD,Value,1982,0,0
CD,Value,1983,0,0
CD,Value,1984,0,0
CD,Value,1985,0,0
CD,Value,1986,0,0
CD,Value,1987,0,0
CD,Value,1988,0,0
CD,Value,1989,0,0
CD,Value,1990,0,0
CD,Value,1991,0,0
CD,Value,1992,0,0
CD,Value,1993,0,0
CD,Value,1994,0,0
CD,Value,1995,0,0
CD,Value,1996,0,0
CD,Value,1997,0,0
CD,Value,1998,0,0
CD,Value,1999,0,0
CD,Value,2000,0,0
CD,Value,2001,0,0
CD,Value,2002,0,0
CD,Value,2003,26000000,0
CD,Value,2004,17000000,0
CD,Value,2005,10000000,0
CD,Value,2006,6000000,0
CD,Value,2007,4000000,0
CD,Value,2008,3000000,0
CD,Value,2009,2000000,0
CD,Value,2010,2000000,0
CD,Value,2011,2000000,0
CD,Value,2012,1000000,0
CD,Value,2013,1000000,0
CD,Value,2014,1000000,0
CD,Value,2015,1000000,0
CD,Value,2016,1000000,0
CD,Value,2017,1000000,0
CD,Value,2018,1000000,0
CD,Value,2019,0,0
Streaming,Value,1973,0,0
Streaming,Value,1974,0,0
Streaming,Value,1975,0,0
Streaming,Value,1976,0,0
Streaming,Value,1977,0,0
Streaming,Value,1978,0,0
Streaming,Value,1979,0,0
Streaming,Value,1980,0,0
Streaming,Value,1981,0,0
Streaming,Value,1982,0,0
Streaming,Value,1983,0,0
Streaming,Value,1984,0,0
Streaming,Value,1985,0,0
Streaming,Value,1986,0,0
Streaming,Value,1987,0,0
Streaming,Value,1988,0,0
Streaming,Value,1989,0,0
Streaming,Value,1990,0,0
Streaming,Value,1991,0,0
Streaming,Value,1992,0,0
Streaming,Value,1993,0,0
Streaming,Value,1994,0,0
Streaming,Value,1995,0,0
Streaming,Value,1996,0,0
Streaming,Value,1997,0,0
Streaming,Value,1998,0,0
Streaming,Value,1999,0,0
Streaming,Value,2000,0,0
Streaming,Value,2001,0,0
Streaming,Value,2002,0,0
Streaming,Value,2003,0,0
Streaming,Value,2004,7000000,0
Streaming,Value,2005,20000000,0
Streaming,Value,2006,33000000,0
Streaming,Value,2007,36000000,0
Streaming,Value,2008,100000000,0
Streaming,Value,2009,156000000,0
Streaming,Value,2010,249000000,0
Streaming,Value,2011,292000000,0
Streaming,Value,2012,462000000,0
Streaming,Value,2013,590000000,0
Streaming,Value,2014,773000000,0
Streaming,Value,2015,803000000,0
Streaming,Value,2016,884000000,0
Streaming,Value,2017,652000000,0
Streaming,Value,2018,953000000,0
Streaming,Value,2019,908000000,0
Other,Value,1974,0,0
Other,Value,1975,0,0
Other,Value,1976,0,0
Other,Value,1977,0,0
Other,Value,1978,0,0
Other,Value,1979,0,0
Other,Value,1980,0,0
Other,Value,1981,0,0
Other,Value,1982,0,0
Other,Value,1983,0,0
Other,Value,1984,0,0
Other,Value,1985,0,0
Other,Value,1986,0,0
Other,Value,1987,0,0
Other,Value,1988,0,0
Other,Value,1989,0,0
Other,Value,1990,0,0
Other,Value,1991,0,0
Other,Value,1992,0,0
Other,Value,1993,0,0
Other,Value,1994,0,0
Other,Value,1995,0,0
Other,Value,1996,0,0
Other,Value,1997,0,0
Other,Value,1998,0,0
Other,Value,1999,0,0
Other,Value,2000,0,0
Other,Value,2001,0,0
Other,Value,2002,0,0
Other,Value,2003,0,0
Other,Value,2004,0,0
Other,Value,2005,0,0
Other,Value,2006,0,0
Other,Value,2007,0,0
Other,Value,2008,0,0
Other,Value,2009,201000000,0
Other,Value,2010,189000000,0
Other,Value,2011,197000000,0
Other,Value,2012,191000000,0
Other,Value,2013,190000000,0
Other,Value,2014,190000000,0
Other,Value,2015,203000000,0
Other,Value,2016,215000000,0
Other,Value,2017,232000000,0
Other,Value,2018,286000000,0
Other,Value,2019,276000000,0
Vinyl,Value,1973,190000000,0
Vinyl,Value,1974,194000000,0
Vinyl,Value,1975,212000000,0
Vinyl,Value,1976,245000000,0
Vinyl,Value,1977,245000000,0
Vinyl,Value,1978,260000000,0
Vinyl,Value,1979,354000000,0
Vinyl,Value,1980,250000000,0
Vinyl,Value,1981,256000000,0
Vinyl,Value,1982,283000000,0
Vinyl,Value,1983,269000000,0
Vinyl,Value,1984,299000000,0
Vinyl,Value,1985,281000000,0
Vinyl,Value,1986,228000000,0
Vinyl,Value,1987,203000000,0
Vinyl,Value,1988,180000000,0
Vinyl,Value,1989,116000000,0
Vinyl,Value,1990,94000000,0
Vinyl,Value,1991,64000000,0
Vinyl,Value,1992,66000000,0
Vinyl,Value,1993,51000000,0
Vinyl,Value,1994,47000000,0
Vinyl,Value,1995,47000000,0
Vinyl,Value,1996,48000000,0
Vinyl,Value,1997,36000000,0
Vinyl,Value,1998,26000000,0
Vinyl,Value,1999,28000000,0
Vinyl,Value,2000,26000000,0
Vinyl,Value,2001,31000000,0
Vinyl,Value,2002,25000000,0
Vinyl,Value,2003,22000000,0
Vinyl,Value,2004,20000000,0
Vinyl,Value,2005,13000000,0
Vinyl,Value,2006,10000000,0
Vinyl,Value,2007,4000000,0
Vinyl,Value,2008,3000000,0
Vinyl,Value,2009,3000000,0
Vinyl,Value,2010,2000000,0
Vinyl,Value,2011,5000000,0
Vinyl,Value,2012,5000000,0
Vinyl,Value,2013,3000000,0
Vinyl,Value,2014,5000000,0
Vinyl,Value,2015,6000000,0
Vinyl,Value,2016,5000000,0
Vinyl,Value,2017,6000000,0
Vinyl,Value,2018,5000000,0
Vinyl,Value,2019,7000000,0
Tape,Value (Adjusted),1973,2816000000,0
Tape,Value (Adjusted),1974,2848000000,0
Tape,Value (Adjusted),1975,2770000000,0
Tape,Value (Adjusted),1976,3047000000,0
Tape,Value (Adjusted),1977,3421000000,0
Tape,Value (Adjusted),1978,3717000000,0
Tape,Value (Adjusted),1979,2410000000,0
Tape,Value (Adjusted),1980,1635000000,0
Tape,Value (Adjusted),1981,880000000,0
Tape,Value (Adjusted),1982,95000000,0
Tape,Value (Adjusted),1983,0,0
Tape,Value (Adjusted),1984,0,0
Tape,Value (Adjusted),1985,0,0
Tape,Value (Adjusted),1986,0,0
Tape,Value (Adjusted),1987,0,0
Tape,Value (Adjusted),1988,0,0
Tape,Value (Adjusted),1989,0,0
Tape,Value (Adjusted),1990,0,0
Tape,Value (Adjusted),1991,0,0
Tape,Value (Adjusted),1992,0,0
Tape,Value (Adjusted),1993,0,0
Tape,Value (Adjusted),1994,0,0
Tape,Value (Adjusted),1995,0,0
Tape,Value (Adjusted),1996,0,0
Tape,Value (Adjusted),1997,0,0
Tape,Value (Adjusted),1998,0,0
Tape,Value (Adjusted),1999,0,0
Tape,Value (Adjusted),2000,0,0
Tape,Value (Adjusted),2001,0,0
Tape,Value (Adjusted),2002,0,0
Tape,Value (Adjusted),2003,0,0
Tape,Value (Adjusted),2004,0,0
Tape,Value (Adjusted),2005,0,0
Tape,Value (Adjusted),2006,0,0
Tape,Value (Adjusted),2007,0,0
Tape,Value (Adjusted),2008,0,0
Tape,Value (Adjusted),2009,0,0
Tape,Value (Adjusted),2010,0,0
Tape,Value (Adjusted),2011,0,0
Tape,Value (Adjusted),2012,0,0
Tape,Value (Adjusted),2013,0,0
Tape,Value (Adjusted),2014,0,0
Tape,Value (Adjusted),2015,0,0
Tape,Value (Adjusted),2016,0,0
Tape,Value (Adjusted),2017,0,0
Tape,Value (Adjusted),2018,0,0
Tape,Value (Adjusted),2019,0,0
CD,Value (Adjusted),1973,0,0
CD,Value (Adjusted),1974,0,0
CD,Value (Adjusted),1975,0,0
CD,Value (Adjusted),1976,0,0
CD,Value (Adjusted),1977,0,0
CD,Value (Adjusted),1978,0,0
CD,Value (Adjusted),1979,0,0
CD,Value (Adjusted),1980,0,0
CD,Value (Adjusted),1981,0,0
CD,Value (Adjusted),1982,0,0
CD,Value (Adjusted),1983,44000000,0
CD,Value (Adjusted),1984,254000000,0
CD,Value (Adjusted),1985,925000000,0
CD,Value (Adjusted),1986,2170000000,0
CD,Value (Adjusted),1987,3586000000,0
CD,Value (Adjusted),1988,4516000000,0
CD,Value (Adjusted),1989,5335000000,0
CD,Value (Adjusted),1990,6752000000,0
CD,Value (Adjusted),1991,8142000000,0
CD,Value (Adjusted),1992,9706000000,0
CD,Value (Adjusted),1993,11520000000,0
CD,Value (Adjusted),1994,14602000000,0
CD,Value (Adjusted),1995,15731000000,0
CD,Value (Adjusted),1996,16188000000,0
CD,Value (Adjusted),1997,15794000000,0
CD,Value (Adjusted),1998,17905000000,0
CD,Value (Adjusted),1999,19667000000,0
CD,Value (Adjusted),2000,19619000000,0
CD,Value (Adjusted),2001,18636000000,0
CD,Value (Adjusted),2002,17116000000,0
CD,Value (Adjusted),2003,15607000000,0
CD,Value (Adjusted),2004,15492000000,0
CD,Value (Adjusted),2005,13771000000,0
CD,Value (Adjusted),2006,11886000000,0
CD,Value (Adjusted),2007,9191000000,0
CD,Value (Adjusted),2008,6497000000,0
CD,Value (Adjusted),2009,5147000000,0
CD,Value (Adjusted),2010,3974000000,0
CD,Value (Adjusted),2011,3524000000,0
CD,Value (Adjusted),2012,2768000000,0
CD,Value (Adjusted),2013,2350000000,0
CD,Value (Adjusted),2014,1918000000,0
CD,Value (Adjusted),2015,1559000000,0
CD,Value (Adjusted),2016,1204000000,0
CD,Value (Adjusted),2017,1103000000,0
CD,Value (Adjusted),2018,711000000,0
CD,Value (Adjusted),2019,615000000,0
CD,Value (Adjusted),1973,0,0
CD,Value (Adjusted),1974,0,0
CD,Value (Adjusted),1975,0,0
CD,Value (Adjusted),1976,0,0
CD,Value (Adjusted),1977,0,0
CD,Value (Adjusted),1978,0,0
CD,Value (Adjusted),1979,0,0
CD,Value (Adjusted),1980,0,0
CD,Value (Adjusted),1981,0,0
CD,Value (Adjusted),1982,0,0
CD,Value (Adjusted),1983,0,0
CD,Value (Adjusted),1984,0,0
CD,Value (Adjusted),1985,0,0
CD,Value (Adjusted),1986,0,0
CD,Value (Adjusted),1987,0,0
CD,Value (Adjusted),1988,21000000,0
CD,Value (Adjusted),1989,-1000000,0
CD,Value (Adjusted),1990,12000000,0
CD,Value (Adjusted),1991,66000000,0
CD,Value (Adjusted),1992,82000000,0
CD,Value (Adjusted),1993,81000000,0
CD,Value (Adjusted),1994,97000000,0
CD,Value (Adjusted),1995,186000000,0
CD,Value (Adjusted),1996,300000000,0
CD,Value (Adjusted),1997,434000000,0
CD,Value (Adjusted),1998,334000000,0
CD,Value (Adjusted),1999,341000000,0
CD,Value (Adjusted),2000,212000000,0
CD,Value (Adjusted),2001,115000000,0
CD,Value (Adjusted),2002,28000000,0
CD,Value (Adjusted),2003,50000000,0
CD,Value (Adjusted),2004,20000000,0
CD,Value (Adjusted),2005,14000000,0
CD,Value (Adjusted),2006,10000000,0
CD,Value (Adjusted),2007,15000000,0
CD,Value (Adjusted),2008,4000000,0
CD,Value (Adjusted),2009,4000000,0
CD,Value (Adjusted),2010,3000000,0
CD,Value (Adjusted),2011,4000000,0
CD,Value (Adjusted),2012,4000000,0
CD,Value (Adjusted),2013,3000000,0
CD,Value (Adjusted),2014,4000000,0
CD,Value (Adjusted),2015,1000000,0
CD,Value (Adjusted),2016,0,0
CD,Value (Adjusted),2017,2000000,0
CD,Value (Adjusted),2018,0,0
CD,Value (Adjusted),2019,0,0
Cassette,Value (Adjusted),1973,438000000,0
Cassette,Value (Adjusted),1974,452000000,0
Cassette,Value (Adjusted),1975,469000000,0
Cassette,Value (Adjusted),1976,655000000,0
Cassette,Value (Adjusted),1977,1053000000,0
Cassette,Value (Adjusted),1978,1764000000,0
Cassette,Value (Adjusted),1979,2045000000,0
Cassette,Value (Adjusted),1980,2187000000,0
Cassette,Value (Adjusted),1981,2989000000,0
Cassette,Value (Adjusted),1982,3668000000,0
Cassette,Value (Adjusted),1983,4648000000,0
Cassette,Value (Adjusted),1984,5866000000,0
Cassette,Value (Adjusted),1985,5730000000,0
Cassette,Value (Adjusted),1986,5830000000,0
Cassette,Value (Adjusted),1987,6661000000,0
Cassette,Value (Adjusted),1988,7316000000,0
Cassette,Value (Adjusted),1989,6898000000,0
Cassette,Value (Adjusted),1990,6792000000,0
Cassette,Value (Adjusted),1991,5668000000,0
Cassette,Value (Adjusted),1992,5679000000,0
Cassette,Value (Adjusted),1993,5159000000,0
Cassette,Value (Adjusted),1994,5135000000,0
Cassette,Value (Adjusted),1995,3864000000,0
Cassette,Value (Adjusted),1996,3105000000,0
Cassette,Value (Adjusted),1997,2425000000,0
Cassette,Value (Adjusted),1998,2227000000,0
Cassette,Value (Adjusted),1999,1629000000,0
Cassette,Value (Adjusted),2000,929000000,0
Cassette,Value (Adjusted),2001,525000000,0
Cassette,Value (Adjusted),2002,298000000,0
Cassette,Value (Adjusted),2003,150000000,0
Cassette,Value (Adjusted),2004,32000000,0
Cassette,Value (Adjusted),2005,17000000,0
Cassette,Value (Adjusted),2006,5000000,0
Cassette,Value (Adjusted),2007,4000000,0
Cassette,Value (Adjusted),2008,1000000,0
Cassette,Value (Adjusted),2009,0,0
Cassette,Value (Adjusted),2010,0,0
Cassette,Value (Adjusted),2011,0,0
Cassette,Value (Adjusted),2012,0,0
Cassette,Value (Adjusted),2013,0,0
Cassette,Value (Adjusted),2014,0,0
Cassette,Value (Adjusted),2015,0,0
Cassette,Value (Adjusted),2016,0,0
Cassette,Value (Adjusted),2017,0,0
Cassette,Value (Adjusted),2018,0,0
Cassette,Value (Adjusted),2019,0,0
Cassette,Value (Adjusted),1973,0,0
Cassette,Value (Adjusted),1974,0,0
Cassette,Value (Adjusted),1975,0,0
Cassette,Value (Adjusted),1976,0,0
Cassette,Value (Adjusted),1977,0,0
Cassette,Value (Adjusted),1978,0,0
Cassette,Value (Adjusted),1979,0,0
Cassette,Value (Adjusted),1980,0,0
Cassette,Value (Adjusted),1981,0,0
Cassette,Value (Adjusted),1982,0,0
Cassette,Value (Adjusted),1983,0,0
Cassette,Value (Adjusted),1984,0,0
Cassette,Value (Adjusted),1985,0,0
Cassette,Value (Adjusted),1986,0,0
Cassette,Value (Adjusted),1987,32000000,0
Cassette,Value (Adjusted),1988,124000000,0
Cassette,Value (Adjusted),1989,401000000,0
Cassette,Value (Adjusted),1990,504000000,0
Cassette,Value (Adjusted),1991,432000000,0
Cassette,Value (Adjusted),1992,544000000,0
Cassette,Value (Adjusted),1993,528000000,0
Cassette,Value (Adjusted),1994,474000000,0
Cassette,Value (Adjusted),1995,396000000,0
Cassette,Value (Adjusted),1996,308000000,0
Cassette,Value (Adjusted),1997,213000000,0
Cassette,Value (Adjusted),1998,148000000,0
Cassette,Value (Adjusted),1999,74000000,0
Cassette,Value (Adjusted),2000,7000000,0
Cassette,Value (Adjusted),2001,-8000000,0
Cassette,Value (Adjusted),2002,-2000000,0
Cassette,Value (Adjusted),2003,0,0
Cassette,Value (Adjusted),2004,0,0
Cassette,Value (Adjusted),2005,0,0
Cassette,Value (Adjusted),2006,0,0
Cassette,Value (Adjusted),2007,0,0
Cassette,Value (Adjusted),2008,0,0
Cassette,Value (Adjusted),2009,0,0
Cassette,Value (Adjusted),2010,0,0
Cassette,Value (Adjusted),2011,0,0
Cassette,Value (Adjusted),2012,0,0
Cassette,Value (Adjusted),2013,0,0
Cassette,Value (Adjusted),2014,0,0
Cassette,Value (Adjusted),2015,0,0
Cassette,Value (Adjusted),2016,0,0
Cassette,Value (Adjusted),2017,0,0
Cassette,Value (Adjusted),2018,0,0
Cassette,Value (Adjusted),2019,0,0
DVD,Value (Adjusted),1973,0,0
DVD,Value (Adjusted),1974,0,0
DVD,Value (Adjusted),1975,0,0
DVD,Value (Adjusted),1976,0,0
DVD,Value (Adjusted),1977,0,0
DVD,Value (Adjusted),1978,0,0
DVD,Value (Adjusted),1979,0,0
DVD,Value (Adjusted),1980,0,0
DVD,Value (Adjusted),1981,0,0
DVD,Value (Adjusted),1982,0,0
DVD,Value (Adjusted),1983,0,0
DVD,Value (Adjusted),1984,0,0
DVD,Value (Adjusted),1985,0,0
DVD,Value (Adjusted),1986,0,0
DVD,Value (Adjusted),1987,0,0
DVD,Value (Adjusted),1988,0,0
DVD,Value (Adjusted),1989,0,0
DVD,Value (Adjusted),1990,0,0
DVD,Value (Adjusted),1991,0,0
DVD,Value (Adjusted),1992,0,0
DVD,Value (Adjusted),1993,0,0
DVD,Value (Adjusted),1994,0,0
DVD,Value (Adjusted),1995,0,0
DVD,Value (Adjusted),1996,0,0
DVD,Value (Adjusted),1997,0,0
DVD,Value (Adjusted),1998,0,0
DVD,Value (Adjusted),1999,0,0
DVD,Value (Adjusted),2000,0,0
DVD,Value (Adjusted),2001,9000000,0
DVD,Value (Adjusted),2002,12000000,0
DVD,Value (Adjusted),2003,11000000,0
DVD,Value (Adjusted),2004,9000000,0
DVD,Value (Adjusted),2005,15000000,0
DVD,Value (Adjusted),2006,3000000,0
DVD,Value (Adjusted),2007,3000000,0
DVD,Value (Adjusted),2008,1000000,0
DVD,Value (Adjusted),2009,2000000,0
DVD,Value (Adjusted),2010,1000000,0
DVD,Value (Adjusted),2011,0,0
DVD,Value (Adjusted),2012,0,0
DVD,Value (Adjusted),2013,-1000000,0
DVD,Value (Adjusted),2014,2000000,0
DVD,Value (Adjusted),2015,6000000,0
DVD,Value (Adjusted),2016,3000000,0
DVD,Value (Adjusted),2017,3000000,0
DVD,Value (Adjusted),2018,3000000,0
DVD,Value (Adjusted),2019,1000000,0
Download,Value (Adjusted),1973,0,0
Download,Value (Adjusted),1974,0,0
Download,Value (Adjusted),1975,0,0
Download,Value (Adjusted),1976,0,0
Download,Value (Adjusted),1977,0,0
Download,Value (Adjusted),1978,0,0
Download,Value (Adjusted),1979,0,0
Download,Value (Adjusted),1980,0,0
Download,Value (Adjusted),1981,0,0
Download,Value (Adjusted),1982,0,0
Download,Value (Adjusted),1983,0,0
Download,Value (Adjusted),1984,0,0
Download,Value (Adjusted),1985,0,0
Download,Value (Adjusted),1986,0,0
Download,Value (Adjusted),1987,0,0
Download,Value (Adjusted),1988,0,0
Download,Value (Adjusted),1989,0,0
Download,Value (Adjusted),1990,0,0
Download,Value (Adjusted),1991,0,0
Download,Value (Adjusted),1992,0,0
Download,Value (Adjusted),1993,0,0
Download,Value (Adjusted),1994,0,0
Download,Value (Adjusted),1995,0,0
Download,Value (Adjusted),1996,0,0
Download,Value (Adjusted),1997,0,0
Download,Value (Adjusted),1998,0,0
Download,Value (Adjusted),1999,0,0
Download,Value (Adjusted),2000,0,0
Download,Value (Adjusted),2001,0,0
Download,Value (Adjusted),2002,0,0
Download,Value (Adjusted),2003,0,0
Download,Value (Adjusted),2004,62000000,0
Download,Value (Adjusted),2005,178000000,0
Download,Value (Adjusted),2006,350000000,0
Download,Value (Adjusted),2007,613000000,0
Download,Value (Adjusted),2008,754000000,0
Download,Value (Adjusted),2009,887000000,0
Download,Value (Adjusted),2010,1023000000,0
Download,Value (Adjusted),2011,1217000000,0
Download,Value (Adjusted),2012,1342000000,0
Download,Value (Adjusted),2013,1352000000,0
Download,Value (Adjusted),2014,1207000000,0
Download,Value (Adjusted),2015,1148000000,0
Download,Value (Adjusted),2016,925000000,0
Download,Value (Adjusted),2017,697000000,0
Download,Value (Adjusted),2018,509000000,0
Download,Value (Adjusted),2019,395000000,0
Download,Value (Adjusted),1973,0,0
Download,Value (Adjusted),1974,0,0
Download,Value (Adjusted),1975,0,0
Download,Value (Adjusted),1976,0,0
Download,Value (Adjusted),1977,0,0
Download,Value (Adjusted),1978,0,0
Download,Value (Adjusted),1979,0,0
Download,Value (Adjusted),1980,0,0
Download,Value (Adjusted),1981,0,0
Download,Value (Adjusted),1982,0,0
Download,Value (Adjusted),1983,0,0
Download,Value (Adjusted),1984,0,0
Download,Value (Adjusted),1985,0,0
Download,Value (Adjusted),1986,0,0
Download,Value (Adjusted),1987,0,0
Download,Value (Adjusted),1988,0,0
Download,Value (Adjusted),1989,0,0
Download,Value (Adjusted),1990,0,0
Download,Value (Adjusted),1991,0,0
Download,Value (Adjusted),1992,0,0
Download,Value (Adjusted),1993,0,0
Download,Value (Adjusted),1994,0,0
Download,Value (Adjusted),1995,0,0
Download,Value (Adjusted),1996,0,0
Download,Value (Adjusted),1997,0,0
Download,Value (Adjusted),1998,0,0
Download,Value (Adjusted),1999,0,0
Download,Value (Adjusted),2000,0,0
Download,Value (Adjusted),2001,0,0
Download,Value (Adjusted),2002,0,0
Download,Value (Adjusted),2003,0,0
Download,Value (Adjusted),2004,0,0
Download,Value (Adjusted),2005,5000000,0
Download,Value (Adjusted),2006,25000000,0
Download,Value (Adjusted),2007,35000000,0
Download,Value (Adjusted),2008,49000000,0
Download,Value (Adjusted),2009,49000000,0
Download,Value (Adjusted),2010,43000000,0
Download,Value (Adjusted),2011,37000000,0
Download,Value (Adjusted),2012,23000000,0
Download,Value (Adjusted),2013,18000000,0
Download,Value (Adjusted),2014,15000000,0
Download,Value (Adjusted),2015,7000000,0
Download,Value (Adjusted),2016,5000000,0
Download,Value (Adjusted),2017,3000000,0
Download,Value (Adjusted),2018,2000000,0
Download,Value (Adjusted),2019,2000000,0
Download,Value (Adjusted),1973,0,0
Download,Value (Adjusted),1974,0,0
Download,Value (Adjusted),1975,0,0
Download,Value (Adjusted),1976,0,0
Download,Value (Adjusted),1977,0,0
Download,Value (Adjusted),1978,0,0
Download,Value (Adjusted),1979,0,0
Download,Value (Adjusted),1980,0,0
Download,Value (Adjusted),1981,0,0
Download,Value (Adjusted),1982,0,0
Download,Value (Adjusted),1983,0,0
Download,Value (Adjusted),1984,0,0
Download,Value (Adjusted),1985,0,0
Download,Value (Adjusted),1986,0,0
Download,Value (Adjusted),1987,0,0
Download,Value (Adjusted),1988,0,0
Download,Value (Adjusted),1989,0,0
Download,Value (Adjusted),1990,0,0
Download,Value (Adjusted),1991,0,0
Download,Value (Adjusted),1992,0,0
Download,Value (Adjusted),1993,0,0
Download,Value (Adjusted),1994,0,0
Download,Value (Adjusted),1995,0,0
Download,Value (Adjusted),1996,0,0
Download,Value (Adjusted),1997,0,0
Download,Value (Adjusted),1998,0,0
Download,Value (Adjusted),1999,0,0
Download,Value (Adjusted),2000,0,0
Download,Value (Adjusted),2001,0,0
Download,Value (Adjusted),2002,0,0
Download,Value (Adjusted),2003,0,0
Download,Value (Adjusted),2004,187000000,0
Download,Value (Adjusted),2005,476000000,0
Download,Value (Adjusted),2006,736000000,0
Download,Value (Adjusted),2007,1000000000,0
Download,Value (Adjusted),2008,1226000000,0
Download,Value (Adjusted),2009,1397000000,0
Download,Value (Adjusted),2010,1567000000,0
Download,Value (Adjusted),2011,1730000000,0
Download,Value (Adjusted),2012,1831000000,0
Download,Value (Adjusted),2013,1727000000,0
Download,Value (Adjusted),2014,1464000000,0
Download,Value (Adjusted),2015,1278000000,0
Download,Value (Adjusted),2016,959000000,0
Download,Value (Adjusted),2017,708000000,0
Download,Value (Adjusted),2018,499000000,0
Download,Value (Adjusted),2019,415000000,0
Other,Value (Adjusted),1973,0,0
Other,Value (Adjusted),1974,0,0
Other,Value (Adjusted),1975,0,0
Other,Value (Adjusted),1976,0,0
Other,Value (Adjusted),1977,0,0
Other,Value (Adjusted),1978,0,0
Other,Value (Adjusted),1979,0,0
Other,Value (Adjusted),1980,0,0
Other,Value (Adjusted),1981,0,0
Other,Value (Adjusted),1982,0,0
Other,Value (Adjusted),1983,0,0
Other,Value (Adjusted),1984,0,0
Other,Value (Adjusted),1985,0,0
Other,Value (Adjusted),1986,0,0
Other,Value (Adjusted),1987,0,0
Other,Value (Adjusted),1988,0,0
Other,Value (Adjusted),1989,0,0
Other,Value (Adjusted),1990,0,0
Other,Value (Adjusted),1991,0,0
Other,Value (Adjusted),1992,0,0
Other,Value (Adjusted),1993,0,0
Other,Value (Adjusted),1994,0,0
Other,Value (Adjusted),1995,0,0
Other,Value (Adjusted),1996,0,0
Other,Value (Adjusted),1997,0,0
Other,Value (Adjusted),1998,0,0
Other,Value (Adjusted),1999,0,0
Other,Value (Adjusted),2000,0,0
Other,Value (Adjusted),2001,0,0
Other,Value (Adjusted),2002,0,0
Other,Value (Adjusted),2003,0,0
Other,Value (Adjusted),2004,0,0
Other,Value (Adjusted),2005,1000000,0
Other,Value (Adjusted),2006,2000000,0
Other,Value (Adjusted),2007,3000000,0
Other,Value (Adjusted),2008,3000000,0
Other,Value (Adjusted),2009,8000000,0
Other,Value (Adjusted),2010,8000000,0
Other,Value (Adjusted),2011,3000000,0
Other,Value (Adjusted),2012,4000000,0
Other,Value (Adjusted),2013,7000000,0
Other,Value (Adjusted),2014,3000000,0
Other,Value (Adjusted),2015,4000000,0
Other,Value (Adjusted),2016,3000000,0
Other,Value (Adjusted),2017,2000000,0
Other,Value (Adjusted),2018,2000000,0
Other,Value (Adjusted),2019,2000000,0
Vinyl,Value (Adjusted),1973,7175000000,0
Vinyl,Value (Adjusted),1974,7032000000,0
Vinyl,Value (Adjusted),1975,7057000000,0
Vinyl,Value (Adjusted),1976,7472000000,0
Vinyl,Value (Adjusted),1977,9261000000,0
Vinyl,Value (Adjusted),1978,9698000000,0
Vinyl,Value (Adjusted),1979,7244000000,0
Vinyl,Value (Adjusted),1980,6826000000,0
Vinyl,Value (Adjusted),1981,6586000000,0
Vinyl,Value (Adjusted),1982,5100000000,0
Vinyl,Value (Adjusted),1983,4335000000,0
Vinyl,Value (Adjusted),1984,3811000000,0
Vinyl,Value (Adjusted),1985,3042000000,0
Vinyl,Value (Adjusted),1986,2293000000,0
Vinyl,Value (Adjusted),1987,1785000000,0
Vinyl,Value (Adjusted),1988,1150000000,0
Vinyl,Value (Adjusted),1989,454000000,0
Vinyl,Value (Adjusted),1990,169000000,0
Vinyl,Value (Adjusted),1991,55000000,0
Vinyl,Value (Adjusted),1992,25000000,0
Vinyl,Value (Adjusted),1993,19000000,0
Vinyl,Value (Adjusted),1994,31000000,0
Vinyl,Value (Adjusted),1995,42000000,0
Vinyl,Value (Adjusted),1996,60000000,0
Vinyl,Value (Adjusted),1997,53000000,0
Vinyl,Value (Adjusted),1998,53000000,0
Vinyl,Value (Adjusted),1999,49000000,0
Vinyl,Value (Adjusted),2000,41000000,0
Vinyl,Value (Adjusted),2001,40000000,0
Vinyl,Value (Adjusted),2002,29000000,0
Vinyl,Value (Adjusted),2003,30000000,0
Vinyl,Value (Adjusted),2004,26000000,0
Vinyl,Value (Adjusted),2005,19000000,0
Vinyl,Value (Adjusted),2006,20000000,0
Vinyl,Value (Adjusted),2007,28000000,0
Vinyl,Value (Adjusted),2008,67000000,0
Vinyl,Value (Adjusted),2009,76000000,0
Vinyl,Value (Adjusted),2010,104000000,0
Vinyl,Value (Adjusted),2011,136000000,0
Vinyl,Value (Adjusted),2012,179000000,0
Vinyl,Value (Adjusted),2013,231000000,0
Vinyl,Value (Adjusted),2014,263000000,0
Vinyl,Value (Adjusted),2015,360000000,0
Vinyl,Value (Adjusted),2016,379000000,0
Vinyl,Value (Adjusted),2017,405000000,0
Vinyl,Value (Adjusted),2018,427000000,0
Vinyl,Value (Adjusted),2019,498000000,0
Other,Value (Adjusted),1973,0,0
Other,Value (Adjusted),1974,0,0
Other,Value (Adjusted),1975,0,0
Other,Value (Adjusted),1976,0,0
Other,Value (Adjusted),1977,0,0
Other,Value (Adjusted),1978,0,0
Other,Value (Adjusted),1979,0,0
Other,Value (Adjusted),1980,0,0
Other,Value (Adjusted),1981,0,0
Other,Value (Adjusted),1982,0,0
Other,Value (Adjusted),1983,0,0
Other,Value (Adjusted),1984,0,0
Other,Value (Adjusted),1985,0,0
Other,Value (Adjusted),1986,0,0
Other,Value (Adjusted),1987,0,0
Other,Value (Adjusted),1988,0,0
Other,Value (Adjusted),1989,0,0
Other,Value (Adjusted),1990,0,0
Other,Value (Adjusted),1991,0,0
Other,Value (Adjusted),1992,0,0
Other,Value (Adjusted),1993,0,0
Other,Value (Adjusted),1994,0,0
Other,Value (Adjusted),1995,0,0
Other,Value (Adjusted),1996,0,0
Other,Value (Adjusted),1997,0,0
Other,Value (Adjusted),1998,0,0
Other,Value (Adjusted),1999,0,0
Other,Value (Adjusted),2000,0,0
Other,Value (Adjusted),2001,0,0
Other,Value (Adjusted),2002,0,0
Other,Value (Adjusted),2003,0,0
Other,Value (Adjusted),2004,0,0
Other,Value (Adjusted),2005,0,0
Other,Value (Adjusted),2006,0,0
Other,Value (Adjusted),2007,0,0
Other,Value (Adjusted),2008,0,0
Other,Value (Adjusted),2009,0,0
Other,Value (Adjusted),2010,0,0
Other,Value (Adjusted),2011,0,0
Other,Value (Adjusted),2012,0,0
Other,Value (Adjusted),2013,0,0
Other,Value (Adjusted),2014,0,0
Other,Value (Adjusted),2015,0,0
Other,Value (Adjusted),2016,281000000,0
Other,Value (Adjusted),2017,617000000,0
Other,Value (Adjusted),2018,761000000,0
Other,Value (Adjusted),2019,829000000,0
Other,Value (Adjusted),1973,0,0
Other,Value (Adjusted),1974,0,0
Other,Value (Adjusted),1975,0,0
Other,Value (Adjusted),1976,0,0
Other,Value (Adjusted),1977,0,0
Other,Value (Adjusted),1978,0,0
Other,Value (Adjusted),1979,0,0
Other,Value (Adjusted),1980,0,0
Other,Value (Adjusted),1981,0,0
Other,Value (Adjusted),1982,0,0
Other,Value (Adjusted),1983,0,0
Other,Value (Adjusted),1984,0,0
Other,Value (Adjusted),1985,0,0
Other,Value (Adjusted),1986,0,0
Other,Value (Adjusted),1987,0,0
Other,Value (Adjusted),1988,0,0
Other,Value (Adjusted),1989,238000000,0
Other,Value (Adjusted),1990,337000000,0
Other,Value (Adjusted),1991,222000000,0
Other,Value (Adjusted),1992,287000000,0
Other,Value (Adjusted),1993,377000000,0
Other,Value (Adjusted),1994,399000000,0
Other,Value (Adjusted),1995,370000000,0
Other,Value (Adjusted),1996,385000000,0
Other,Value (Adjusted),1997,516000000,0
Other,Value (Adjusted),1998,797000000,0
Other,Value (Adjusted),1999,578000000,0
Other,Value (Adjusted),2000,419000000,0
Other,Value (Adjusted),2001,475000000,0
Other,Value (Adjusted),2002,410000000,0
Other,Value (Adjusted),2003,556000000,0
Other,Value (Adjusted),2004,822000000,0
Other,Value (Adjusted),2005,788000000,0
Other,Value (Adjusted),2006,572000000,0
Other,Value (Adjusted),2007,598000000,0
Other,Value (Adjusted),2008,270000000,0
Other,Value (Adjusted),2009,250000000,0
Other,Value (Adjusted),2010,208000000,0
Other,Value (Adjusted),2011,172000000,0
Other,Value (Adjusted),2012,130000000,0
Other,Value (Adjusted),2013,117000000,0
Other,Value (Adjusted),2014,97000000,0
Other,Value (Adjusted),2015,76000000,0
Other,Value (Adjusted),2016,61000000,0
Other,Value (Adjusted),2017,40000000,0
Other,Value (Adjusted),2018,28000000,0
Other,Value (Adjusted),2019,28000000,0
Streaming,Value (Adjusted),1973,0,0
Streaming,Value (Adjusted),1974,0,0
Streaming,Value (Adjusted),1975,0,0
Streaming,Value (Adjusted),1976,0,0
Streaming,Value (Adjusted),1977,0,0
Streaming,Value (Adjusted),1978,0,0
Streaming,Value (Adjusted),1979,0,0
Streaming,Value (Adjusted),1980,0,0
Streaming,Value (Adjusted),1981,0,0
Streaming,Value (Adjusted),1982,0,0
Streaming,Value (Adjusted),1983,0,0
Streaming,Value (Adjusted),1984,0,0
Streaming,Value (Adjusted),1985,0,0
Streaming,Value (Adjusted),1986,0,0
Streaming,Value (Adjusted),1987,0,0
Streaming,Value (Adjusted),1988,0,0
Streaming,Value (Adjusted),1989,0,0
Streaming,Value (Adjusted),1990,0,0
Streaming,Value (Adjusted),1991,0,0
Streaming,Value (Adjusted),1992,0,0
Streaming,Value (Adjusted),1993,0,0
Streaming,Value (Adjusted),1994,0,0
Streaming,Value (Adjusted),1995,0,0
Streaming,Value (Adjusted),1996,0,0
Streaming,Value (Adjusted),1997,0,0
Streaming,Value (Adjusted),1998,0,0
Streaming,Value (Adjusted),1999,0,0
Streaming,Value (Adjusted),2000,0,0
Streaming,Value (Adjusted),2001,0,0
Streaming,Value (Adjusted),2002,0,0
Streaming,Value (Adjusted),2003,0,0
Streaming,Value (Adjusted),2004,0,0
Streaming,Value (Adjusted),2005,0,0
Streaming,Value (Adjusted),2006,0,0
Streaming,Value (Adjusted),2007,0,0
Streaming,Value (Adjusted),2008,0,0
Streaming,Value (Adjusted),2009,0,0
Streaming,Value (Adjusted),2010,0,0
Streaming,Value (Adjusted),2011,129000000,0
Streaming,Value (Adjusted),2012,190000000,0
Streaming,Value (Adjusted),2013,242000000,0
Streaming,Value (Adjusted),2014,306000000,0
Streaming,Value (Adjusted),2015,401000000,0
Streaming,Value (Adjusted),2016,521000000,0
Streaming,Value (Adjusted),2017,687000000,0
Streaming,Value (Adjusted),2018,773000000,0
Streaming,Value (Adjusted),2019,908000000,0
Streaming,Value (Adjusted),1973,0,0
Streaming,Value (Adjusted),1974,0,0
Streaming,Value (Adjusted),1975,0,0
Streaming,Value (Adjusted),1976,0,0
Streaming,Value (Adjusted),1977,0,0
Streaming,Value (Adjusted),1978,0,0
Streaming,Value (Adjusted),1979,0,0
Streaming,Value (Adjusted),1980,0,0
Streaming,Value (Adjusted),1981,0,0
Streaming,Value (Adjusted),1982,0,0
Streaming,Value (Adjusted),1983,0,0
Streaming,Value (Adjusted),1984,0,0
Streaming,Value (Adjusted),1985,0,0
Streaming,Value (Adjusted),1986,0,0
Streaming,Value (Adjusted),1987,0,0
Streaming,Value (Adjusted),1988,0,0
Streaming,Value (Adjusted),1989,0,0
Streaming,Value (Adjusted),1990,0,0
Streaming,Value (Adjusted),1991,0,0
Streaming,Value (Adjusted),1992,0,0
Streaming,Value (Adjusted),1993,0,0
Streaming,Value (Adjusted),1994,0,0
Streaming,Value (Adjusted),1995,0,0
Streaming,Value (Adjusted),1996,0,0
Streaming,Value (Adjusted),1997,0,0
Streaming,Value (Adjusted),1998,0,0
Streaming,Value (Adjusted),1999,0,0
Streaming,Value (Adjusted),2000,0,0
Streaming,Value (Adjusted),2001,0,0
Streaming,Value (Adjusted),2002,0,0
Streaming,Value (Adjusted),2003,0,0
Streaming,Value (Adjusted),2004,0,0
Streaming,Value (Adjusted),2005,0,0
Streaming,Value (Adjusted),2006,0,0
Streaming,Value (Adjusted),2007,0,0
Streaming,Value (Adjusted),2008,0,0
Streaming,Value (Adjusted),2009,0,0
Streaming,Value (Adjusted),2010,0,0
Streaming,Value (Adjusted),2011,0,0
Streaming,Value (Adjusted),2012,0,0
Streaming,Value (Adjusted),2013,0,0
Streaming,Value (Adjusted),2014,0,0
Streaming,Value (Adjusted),2015,0,0
Streaming,Value (Adjusted),2016,87000000,0
Streaming,Value (Adjusted),2017,273000000,0
Streaming,Value (Adjusted),2018,256000000,0
Streaming,Value (Adjusted),2019,251000000,0
Download,Value (Adjusted),1973,0,0
Download,Value (Adjusted),1974,0,0
Download,Value (Adjusted),1975,0,0
Download,Value (Adjusted),1976,0,0
Download,Value (Adjusted),1977,0,0
Download,Value (Adjusted),1978,0,0
Download,Value (Adjusted),1979,0,0
Download,Value (Adjusted),1980,0,0
Download,Value (Adjusted),1981,0,0
Download,Value (Adjusted),1982,0,0
Download,Value (Adjusted),1983,0,0
Download,Value (Adjusted),1984,0,0
Download,Value (Adjusted),1985,0,0
Download,Value (Adjusted),1986,0,0
Download,Value (Adjusted),1987,0,0
Download,Value (Adjusted),1988,0,0
Download,Value (Adjusted),1989,0,0
Download,Value (Adjusted),1990,0,0
Download,Value (Adjusted),1991,0,0
Download,Value (Adjusted),1992,0,0
Download,Value (Adjusted),1993,0,0
Download,Value (Adjusted),1994,0,0
Download,Value (Adjusted),1995,0,0
Download,Value (Adjusted),1996,0,0
Download,Value (Adjusted),1997,0,0
Download,Value (Adjusted),1998,0,0
Download,Value (Adjusted),1999,0,0
Download,Value (Adjusted),2000,0,0
Download,Value (Adjusted),2001,0,0
Download,Value (Adjusted),2002,0,0
Download,Value (Adjusted),2003,0,0
Download,Value (Adjusted),2004,0,0
Download,Value (Adjusted),2005,0,0
Download,Value (Adjusted),2006,0,0
Download,Value (Adjusted),2007,0,0
Download,Value (Adjusted),2008,0,0
Download,Value (Adjusted),2009,0,0
Download,Value (Adjusted),2010,0,0
Download,Value (Adjusted),2011,0,0
Download,Value (Adjusted),2012,0,0
Download,Value (Adjusted),2013,0,0
Download,Value (Adjusted),2014,0,0
Download,Value (Adjusted),2015,0,0
Download,Value (Adjusted),2016,18000000,0
Download,Value (Adjusted),2017,18000000,0
Download,Value (Adjusted),2018,20000000,0
Download,Value (Adjusted),2019,22000000,0
Tape,Value (Adjusted),1973,90000000,0
Tape,Value (Adjusted),1974,69000000,0
Tape,Value (Adjusted),1975,48000000,0
Tape,Value (Adjusted),1976,23000000,0
Tape,Value (Adjusted),1977,0,0
Tape,Value (Adjusted),1978,0,0
Tape,Value (Adjusted),1979,0,0
Tape,Value (Adjusted),1980,0,0
Tape,Value (Adjusted),1981,0,0
Tape,Value (Adjusted),1982,0,0
Tape,Value (Adjusted),1983,0,0
Tape,Value (Adjusted),1984,0,0
Tape,Value (Adjusted),1985,0,0
Tape,Value (Adjusted),1986,0,0
Tape,Value (Adjusted),1987,0,0
Tape,Value (Adjusted),1988,0,0
Tape,Value (Adjusted),1989,0,0
Tape,Value (Adjusted),1990,0,0
Tape,Value (Adjusted),1991,0,0
Tape,Value (Adjusted),1992,0,0
Tape,Value (Adjusted),1993,0,0
Tape,Value (Adjusted),1994,0,0
Tape,Value (Adjusted),1995,0,0
Tape,Value (Adjusted),1996,0,0
Tape,Value (Adjusted),1997,0,0
Tape,Value (Adjusted),1998,0,0
Tape,Value (Adjusted),1999,0,0
Tape,Value (Adjusted),2000,0,0
Tape,Value (Adjusted),2001,0,0
Tape,Value (Adjusted),2002,0,0
Tape,Value (Adjusted),2003,0,0
Tape,Value (Adjusted),2004,0,0
Tape,Value (Adjusted),2005,0,0
Tape,Value (Adjusted),2006,0,0
Tape,Value (Adjusted),2007,0,0
Tape,Value (Adjusted),2008,0,0
Tape,Value (Adjusted),2009,0,0
Tape,Value (Adjusted),2010,0,0
Tape,Value (Adjusted),2011,0,0
Tape,Value (Adjusted),2012,0,0
Tape,Value (Adjusted),2013,0,0
Tape,Value (Adjusted),2014,0,0
Tape,Value (Adjusted),2015,0,0
Tape,Value (Adjusted),2016,0,0
Tape,Value (Adjusted),2017,0,0
Tape,Value (Adjusted),2018,0,0
Tape,Value (Adjusted),2019,0,0
Streaming,Value (Adjusted),1973,0,0
Streaming,Value (Adjusted),1974,0,0
Streaming,Value (Adjusted),1975,0,0
Streaming,Value (Adjusted),1976,0,0
Streaming,Value (Adjusted),1977,0,0
Streaming,Value (Adjusted),1978,0,0
Streaming,Value (Adjusted),1979,0,0
Streaming,Value (Adjusted),1980,0,0
Streaming,Value (Adjusted),1981,0,0
Streaming,Value (Adjusted),1982,0,0
Streaming,Value (Adjusted),1983,0,0
Streaming,Value (Adjusted),1984,0,0
Streaming,Value (Adjusted),1985,0,0
Streaming,Value (Adjusted),1986,0,0
Streaming,Value (Adjusted),1987,0,0
Streaming,Value (Adjusted),1988,0,0
Streaming,Value (Adjusted),1989,0,0
Streaming,Value (Adjusted),1990,0,0
Streaming,Value (Adjusted),1991,0,0
Streaming,Value (Adjusted),1992,0,0
Streaming,Value (Adjusted),1993,0,0
Streaming,Value (Adjusted),1994,0,0
Streaming,Value (Adjusted),1995,0,0
Streaming,Value (Adjusted),1996,0,0
Streaming,Value (Adjusted),1997,0,0
Streaming,Value (Adjusted),1998,0,0
Streaming,Value (Adjusted),1999,0,0
Streaming,Value (Adjusted),2000,0,0
Streaming,Value (Adjusted),2001,0,0
Streaming,Value (Adjusted),2002,0,0
Streaming,Value (Adjusted),2003,0,0
Streaming,Value (Adjusted),2004,0,0
Streaming,Value (Adjusted),2005,195000000,0
Streaming,Value (Adjusted),2006,261000000,0
Streaming,Value (Adjusted),2007,289000000,0
Streaming,Value (Adjusted),2008,263000000,0
Streaming,Value (Adjusted),2009,246000000,0
Streaming,Value (Adjusted),2010,249000000,0
Streaming,Value (Adjusted),2011,282000000,0
Streaming,Value (Adjusted),2012,445000000,0
Streaming,Value (Adjusted),2013,706000000,0
Streaming,Value (Adjusted),2014,832000000,0
Streaming,Value (Adjusted),2015,1248000000,0
Streaming,Value (Adjusted),2016,2390000000,0
Streaming,Value (Adjusted),2017,3651000000,0
Streaming,Value (Adjusted),2018,4740000000,0
Streaming,Value (Adjusted),2019,5934000000,0
Other,Value (Adjusted),1973,0,0
Other,Value (Adjusted),1974,0,0
Other,Value (Adjusted),1975,0,0
Other,Value (Adjusted),1976,0,0
Other,Value (Adjusted),1977,0,0
Other,Value (Adjusted),1978,0,0
Other,Value (Adjusted),1979,0,0
Other,Value (Adjusted),1980,0,0
Other,Value (Adjusted),1981,0,0
Other,Value (Adjusted),1982,0,0
Other,Value (Adjusted),1983,0,0
Other,Value (Adjusted),1984,0,0
Other,Value (Adjusted),1985,0,0
Other,Value (Adjusted),1986,0,0
Other,Value (Adjusted),1987,0,0
Other,Value (Adjusted),1988,0,0
Other,Value (Adjusted),1989,0,0
Other,Value (Adjusted),1990,0,0
Other,Value (Adjusted),1991,0,0
Other,Value (Adjusted),1992,0,0
Other,Value (Adjusted),1993,0,0
Other,Value (Adjusted),1994,0,0
Other,Value (Adjusted),1995,0,0
Other,Value (Adjusted),1996,0,0
Other,Value (Adjusted),1997,0,0
Other,Value (Adjusted),1998,0,0
Other,Value (Adjusted),1999,0,0
Other,Value (Adjusted),2000,0,0
Other,Value (Adjusted),2001,0,0
Other,Value (Adjusted),2002,0,0
Other,Value (Adjusted),2003,0,0
Other,Value (Adjusted),2004,0,0
Other,Value (Adjusted),2005,552000000,0
Other,Value (Adjusted),2006,981000000,0
Other,Value (Adjusted),2007,1302000000,0
Other,Value (Adjusted),2008,1160000000,0
Other,Value (Adjusted),2009,838000000,0
Other,Value (Adjusted),2010,525000000,0
Other,Value (Adjusted),2011,314000000,0
Other,Value (Adjusted),2012,163000000,0
Other,Value (Adjusted),2013,108000000,0
Other,Value (Adjusted),2014,72000000,0
Other,Value (Adjusted),2015,59000000,0
Other,Value (Adjusted),2016,60000000,0
Other,Value (Adjusted),2017,37000000,0
Other,Value (Adjusted),2018,25000000,0
Other,Value (Adjusted),2019,21000000,0
CD,Value (Adjusted),1973,0,0
CD,Value (Adjusted),1974,0,0
CD,Value (Adjusted),1975,0,0
CD,Value (Adjusted),1976,0,0
CD,Value (Adjusted),1977,0,0
CD,Value (Adjusted),1978,0,0
CD,Value (Adjusted),1979,0,0
CD,Value (Adjusted),1980,0,0
CD,Value (Adjusted),1981,0,0
CD,Value (Adjusted),1982,0,0
CD,Value (Adjusted),1983,0,0
CD,Value (Adjusted),1984,0,0
CD,Value (Adjusted),1985,0,0
CD,Value (Adjusted),1986,0,0
CD,Value (Adjusted),1987,0,0
CD,Value (Adjusted),1988,0,0
CD,Value (Adjusted),1989,0,0
CD,Value (Adjusted),1990,0,0
CD,Value (Adjusted),1991,0,0
CD,Value (Adjusted),1992,0,0
CD,Value (Adjusted),1993,0,0
CD,Value (Adjusted),1994,0,0
CD,Value (Adjusted),1995,0,0
CD,Value (Adjusted),1996,0,0
CD,Value (Adjusted),1997,0,0
CD,Value (Adjusted),1998,0,0
CD,Value (Adjusted),1999,0,0
CD,Value (Adjusted),2000,0,0
CD,Value (Adjusted),2001,0,0
CD,Value (Adjusted),2002,0,0
CD,Value (Adjusted),2003,37000000,0
CD,Value (Adjusted),2004,22000000,0
CD,Value (Adjusted),2005,13000000,0
CD,Value (Adjusted),2006,7000000,0
CD,Value (Adjusted),2007,4000000,0
CD,Value (Adjusted),2008,4000000,0
CD,Value (Adjusted),2009,3000000,0
CD,Value (Adjusted),2010,2000000,0
CD,Value (Adjusted),2011,2000000,0
CD,Value (Adjusted),2012,1000000,0
CD,Value (Adjusted),2013,1000000,0
CD,Value (Adjusted),2014,1000000,0
CD,Value (Adjusted),2015,1000000,0
CD,Value (Adjusted),2016,1000000,0
CD,Value (Adjusted),2017,1000000,0
CD,Value (Adjusted),2018,1000000,0
CD,Value (Adjusted),2019,0,0
Streaming,Value (Adjusted),1973,0,0
Streaming,Value (Adjusted),1974,0,0
Streaming,Value (Adjusted),1975,0,0
Streaming,Value (Adjusted),1976,0,0
Streaming,Value (Adjusted),1977,0,0
Streaming,Value (Adjusted),1978,0,0
Streaming,Value (Adjusted),1979,0,0
Streaming,Value (Adjusted),1980,0,0
Streaming,Value (Adjusted),1981,0,0
Streaming,Value (Adjusted),1982,0,0
Streaming,Value (Adjusted),1983,0,0
Streaming,Value (Adjusted),1984,0,0
Streaming,Value (Adjusted),1985,0,0
Streaming,Value (Adjusted),1986,0,0
Streaming,Value (Adjusted),1987,0,0
Streaming,Value (Adjusted),1988,0,0
Streaming,Value (Adjusted),1989,0,0
Streaming,Value (Adjusted),1990,0,0
Streaming,Value (Adjusted),1991,0,0
Streaming,Value (Adjusted),1992,0,0
Streaming,Value (Adjusted),1993,0,0
Streaming,Value (Adjusted),1994,0,0
Streaming,Value (Adjusted),1995,0,0
Streaming,Value (Adjusted),1996,0,0
Streaming,Value (Adjusted),1997,0,0
Streaming,Value (Adjusted),1998,0,0
Streaming,Value (Adjusted),1999,0,0
Streaming,Value (Adjusted),2000,0,0
Streaming,Value (Adjusted),2001,0,0
Streaming,Value (Adjusted),2002,0,0
Streaming,Value (Adjusted),2003,0,0
Streaming,Value (Adjusted),2004,9000000,0
Streaming,Value (Adjusted),2005,27000000,0
Streaming,Value (Adjusted),2006,42000000,0
Streaming,Value (Adjusted),2007,45000000,0
Streaming,Value (Adjusted),2008,119000000,0
Streaming,Value (Adjusted),2009,185000000,0
Streaming,Value (Adjusted),2010,292000000,0
Streaming,Value (Adjusted),2011,332000000,0
Streaming,Value (Adjusted),2012,514000000,0
Streaming,Value (Adjusted),2013,648000000,0
Streaming,Value (Adjusted),2014,835000000,0
Streaming,Value (Adjusted),2015,866000000,0
Streaming,Value (Adjusted),2016,942000000,0
Streaming,Value (Adjusted),2017,680000000,0
Streaming,Value (Adjusted),2018,970000000,0
Streaming,Value (Adjusted),2019,908000000,0
Other,Value (Adjusted),1973,0,0
Other,Value (Adjusted),1974,0,0
Other,Value (Adjusted),1975,0,0
Other,Value (Adjusted),1976,0,0
Other,Value (Adjusted),1977,0,0
Other,Value (Adjusted),1978,0,0
Other,Value (Adjusted),1979,0,0
Other,Value (Adjusted),1980,0,0
Other,Value (Adjusted),1981,0,0
Other,Value (Adjusted),1982,0,0
Other,Value (Adjusted),1983,0,0
Other,Value (Adjusted),1984,0,0
Other,Value (Adjusted),1985,0,0
Other,Value (Adjusted),1986,0,0
Other,Value (Adjusted),1987,0,0
Other,Value (Adjusted),1988,0,0
Other,Value (Adjusted),1989,0,0
Other,Value (Adjusted),1990,0,0
Other,Value (Adjusted),1991,0,0
Other,Value (Adjusted),1992,0,0
Other,Value (Adjusted),1993,0,0
Other,Value (Adjusted),1994,0,0
Other,Value (Adjusted),1995,0,0
Other,Value (Adjusted),1996,0,0
Other,Value (Adjusted),1997,0,0
Other,Value (Adjusted),1998,0,0
Other,Value (Adjusted),1999,0,0
Other,Value (Adjusted),2000,0,0
Other,Value (Adjusted),2001,0,0
Other,Value (Adjusted),2002,0,0
Other,Value (Adjusted),2003,0,0
Other,Value (Adjusted),2004,0,0
Other,Value (Adjusted),2005,0,0
Other,Value (Adjusted),2006,0,0
Other,Value (Adjusted),2007,0,0
Other,Value (Adjusted),2008,0,0
Other,Value (Adjusted),2009,240000000,0
Other,Value (Adjusted),2010,221000000,0
Other,Value (Adjusted),2011,223000000,0
Other,Value (Adjusted),2012,212000000,0
Other,Value (Adjusted),2013,208000000,0
Other,Value (Adjusted),2014,205000000,0
Other,Value (Adjusted),2015,219000000,0
Other,Value (Adjusted),2016,229000000,0
Other,Value (Adjusted),2017,242000000,0
Other,Value (Adjusted),2018,291000000,0
Other,Value (Adjusted),2019,276000000,0
Vinyl,Value (Adjusted),1973,1094000000,0
Vinyl,Value (Adjusted),1974,1006000000,0
Vinyl,Value (Adjusted),1975,1005000000,0
Vinyl,Value (Adjusted),1976,1101000000,0
Vinyl,Value (Adjusted),1977,1034000000,0
Vinyl,Value (Adjusted),1978,1021000000,0
Vinyl,Value (Adjusted),1979,1245000000,0
Vinyl,Value (Adjusted),1980,776000000,0
Vinyl,Value (Adjusted),1981,721000000,0
Vinyl,Value (Adjusted),1982,750000000,0
Vinyl,Value (Adjusted),1983,691000000,0
Vinyl,Value (Adjusted),1984,735000000,0
Vinyl,Value (Adjusted),1985,668000000,0
Vinyl,Value (Adjusted),1986,532000000,0
Vinyl,Value (Adjusted),1987,458000000,0
Vinyl,Value (Adjusted),1988,390000000,0
Vinyl,Value (Adjusted),1989,240000000,0
Vinyl,Value (Adjusted),1990,185000000,0
Vinyl,Value (Adjusted),1991,120000000,0
Vinyl,Value (Adjusted),1992,121000000,0
Vinyl,Value (Adjusted),1993,91000000,0
Vinyl,Value (Adjusted),1994,81000000,0
Vinyl,Value (Adjusted),1995,78000000,0
Vinyl,Value (Adjusted),1996,77000000,0
Vinyl,Value (Adjusted),1997,57000000,0
Vinyl,Value (Adjusted),1998,40000000,0
Vinyl,Value (Adjusted),1999,43000000,0
Vinyl,Value (Adjusted),2000,39000000,0
Vinyl,Value (Adjusted),2001,45000000,0
Vinyl,Value (Adjusted),2002,35000000,0
Vinyl,Value (Adjusted),2003,30000000,0
Vinyl,Value (Adjusted),2004,27000000,0
Vinyl,Value (Adjusted),2005,17000000,0
Vinyl,Value (Adjusted),2006,13000000,0
Vinyl,Value (Adjusted),2007,5000000,0
Vinyl,Value (Adjusted),2008,3000000,0
Vinyl,Value (Adjusted),2009,3000000,0
Vinyl,Value (Adjusted),2010,3000000,0
Vinyl,Value (Adjusted),2011,5000000,0
Vinyl,Value (Adjusted),2012,5000000,0
Vinyl,Value (Adjusted),2013,3000000,0
Vinyl,Value (Adjusted),2014,6000000,0
Vinyl,Value (Adjusted),2015,6000000,0
Vinyl,Value (Adjusted),2016,5000000,0
Vinyl,Value (Adjusted),2017,6000000,0
Vinyl,Value (Adjusted),2018,5000000,0
Vinyl,Value (Adjusted),2019,7000000,0
CD,Units,2020,0,32000000
CD,Units,2020,0,0
Download,Units,2020,0,33000000
Download,Units,2020,0,1000000
Download,Units,2020,0,249000000
DVD,Units,2020,0,0
Other,Units,2020,0,1000000
Vinyl,Units,2020,0,24000000
Other,Units,2020,0,1000000
Other,Units,2020,0,8000000
CD,Units,2020,0,0
Vinyl,Units,2020,0,0
Vinyl,Value,2020,644000000,0
Vinyl,Value,2020,6000000,0
CD,Value,2020,483000000,0
CD,Value,2020,0,0
CD,Value,2020,0,0
Download,Value,2020,319000000,0
Download,Value,2020,2000000,0
Download,Value,2020,303000000,0
DVD,Value,2020,2000000,0
Other,Value,2020,1000000,0
Streaming,Value,2020,6973000000,0
Streaming,Value,2020,1200000000,0
Streaming,Value,2020,211000000,0
Streaming,Value,2020,947000000,0
Other,Value,2020,720000000,0
Other,Value,2020,27000000,0
Download,Value,2020,19000000,0
Other,Value,2020,20000000,0
Other,Value,2020,265000000,0
Vinyl,Value (Adjusted),2020,674000000,0
Vinyl,Value (Adjusted),2020,7000000,0
CD,Value (Adjusted),2020,506000000,0
CD,Value (Adjusted),2020,0,0
CD,Value (Adjusted),2020,0,0
Download,Value (Adjusted),2020,334000000,0
Download,Value (Adjusted),2020,2000000,0
Download,Value (Adjusted),2020,318000000,0
DVD,Value (Adjusted),2020,2000000,0
Other,Value (Adjusted),2020,1000000,0
Streaming,Value (Adjusted),2020,7300000000,0
Streaming,Value (Adjusted),2020,1257000000,0
Streaming,Value (Adjusted),2020,221000000,0
Streaming,Value (Adjusted),2020,992000000,0
Other,Value (Adjusted),2020,754000000,0
Other,Value (Adjusted),2020,29000000,0
Download,Value (Adjusted),2020,20000000,0
Other,Value (Adjusted),2020,21000000,0
Other,Value (Adjusted),2020,278000000,0
CD,Units,2021,0,47000000
CD,Units,2021,0,0
Download,Units,2021,0,29000000
Download,Units,2021,0,1000000
Download,Units,2021,0,209000000
DVD,Units,2021,0,0
Other,Units,2021,0,0
Vinyl,Units,2021,0,40000000
Other,Units,2021,0,1000000
Other,Units,2021,0,6000000
CD,Units,2021,0,0
Vinyl,Units,2021,0,0
Vinyl,Value,2021,1038000000,0
Vinyl,Value,2021,8000000,0
CD,Value,2021,584000000,0
CD,Value,2021,0,0
CD,Value,2021,0,0
Download,Value,2021,282000000,0
Download,Value,2021,2000000,0
Download,Value,2021,256000000,0
DVD,Value,2021,6000000,0
Other,Value,2021,1000000,0
Streaming,Value,2021,8574000000,0
Streaming,Value,2021,1761000000,0
Streaming,Value,2021,209000000,0
Streaming,Value,2021,993000000,0
Other,Value,2021,907000000,0
Other,Value,2021,20000000,0
Download,Value,2021,31000000,0
Other,Value,2021,15000000,0
Other,Value,2021,303000000,0
Vinyl,Value (Adjusted),2021,1038000000,0
Vinyl,Value (Adjusted),2021,8000000,0
CD,Value (Adjusted),2021,584000000,0
CD,Value (Adjusted),2021,0,0
CD,Value (Adjusted),2021,0,0
Download,Value (Adjusted),2021,282000000,0
Download,Value (Adjusted),2021,2000000,0
Download,Value (Adjusted),2021,256000000,0
DVD,Value (Adjusted),2021,6000000,0
Other,Value (Adjusted),2021,1000000,0
Streaming,Value (Adjusted),2021,8574000000,0
Streaming,Value (Adjusted),2021,1761000000,0
Streaming,Value (Adjusted),2021,209000000,0
Streaming,Value (Adjusted),2021,993000000,0
Other,Value (Adjusted),2021,907000000,0
Other,Value (Adjusted),2021,20000000,0
Download,Value (Adjusted),2021,31000000,0
Other,Value (Adjusted),2021,15000000,0
Other,Value (Adjusted),2021,303000000,0